,Domain,Annotator,TP,FP,FN,TN,accuracy,accuracy_ci_low,accuracy_ci_high,sensitivity,sensitivity_ci_low,sensitivity_ci_high,specificity,specificity_ci_low,specificity_ci_high,ppv,ppv_ci_low,ppv_ci_high,fabrication_rate,fabrication_rate_ci_low,fabrication_rate_ci_high,npv,npv_ci_low,npv_ci_high,precision,recall,f1
0,Radiology,Human,1613,5,151,105,0.9167556029882604,0.8976515243372347,0.9344371890547264,0.9143990929705216,0.8947970268724986,0.932544320464788,0.9545454545454546,0.9090909090909091,0.990007281553398,0.9969097651421508,0.993872455097919,0.9993785248763547,0.0030902348578491965,0.0006214751236453756,0.006127544902081003,0.41015625,0.31644944213738935,0.5056212062508072,0.9969097651421508,0.9143990929705216,0.9538734476641041
1,Radiology,AI,1716,10,43,104,0.9717031500266952,0.9605541887391778,0.9816030929238476,0.9755542922114838,0.9643267961377614,0.98517695004012,0.9122807017543859,0.8527111383108935,0.9609375,0.9942062572421785,0.9903131140267477,0.9971462000749755,0.005793742757821553,0.0028537999250246014,0.0096868859732522,0.7074829931972789,0.6093705100574712,0.8031098282403818,0.9942062572421785,0.9755542922114838,0.9847919655667146
2,Pathology,Human,603,2,125,20,0.8306666666666667,0.806282722513089,0.8542290333952716,0.8282967032967034,0.8043775649794802,0.8518044228477691,0.9090909090909091,0.7691666666666667,1.0,0.996694214876033,0.9915966386554622,1.0,0.003305785123966942,0.0,0.008403361344537815,0.13793103448275862,0.08391608391608392,0.19863013698630136,0.996694214876033,0.8282967032967034,0.9047261815453864
3,Pathology,AI,689,6,35,20,0.9453333333333334,0.9280958721704394,0.9615919410009885,0.9516574585635359,0.9352617079889807,0.9678770949720671,0.7692307692307693,0.59984375,0.9230769230769231,0.9913669064748202,0.9840116279069767,0.9971550497866287,0.008633093525179856,0.002844950213371266,0.015988372093023256,0.36363636363636365,0.24136334610472543,0.4927238805970139,0.9913669064748202,0.9516574585635359,0.9711064129668782
