case_id,surgeon,case,num_pages,avg_laplacian_var,worst_laplacian_var,avg_tenengrad,avg_rms_contrast,avg_brightness,pct_blurry,pct_low_contrast
CASE_002FC538FEED,Bayard,SB_GC_DCIS,4,5322.066971801347,3916.126367845118,53.4414373684206,50.98608469382157,244.31154513888887,0.0,0.0
CASE_003DABD58C6C,Pawloski,KP_LK_INV,3,957.6839581699346,284.5474355317885,26.641702761766922,35.04833295477388,246.35157920380274,0.3333333333333333,0.3333333333333333
CASE_00476D2C1F42,Montagna,GM_AD_INV,2,1230.1866128342247,792.815863576946,30.13562689865553,37.2209609980843,247.66459203802734,0.0,0.0
CASE_0056E4297BF0,Heerdt,AH_KB_INV,3,393.0479460487225,244.69387569815805,11.445018790495576,20.98774836279642,251.89204377104377,0.3333333333333333,0.3333333333333333
CASE_005B913BA7FD,Morrow,MM_TC_INV,4,1611.2875217468807,202.87521140819965,39.438435165565956,40.018250652486564,246.125359714795,0.25,0.25
CASE_00A91D383FA4,EL Tamer,MET_CM,2,1410.206736423054,130.93209578134284,33.89980069070824,31.93407362380412,247.55915300059416,0.5,0.5
CASE_00B2ED05D12E,Heerdt,AH_NF_INV,2,1359.6667403446227,1006.6283874034464,33.479484404863776,39.90731475946292,246.76301473559118,0.0,0.0
CASE_00DA2CCE5790,Montagna,GM_MP_INV,2,1651.2591100415923,1527.2634226975638,40.14777161474557,43.56204789489341,245.27648841354724,0.0,0.0
CASE_0104EA390325,Mamtani,AM_EB_INV,2,562.2707498514558,366.2287046939988,16.11035609211681,29.486608093136738,249.50405020796194,0.0,0.0
CASE_010C408A2267,Lee,ML_SB_INV,2,656.9738490790255,130.1626742721331,15.955709639542146,23.446663942513094,251.25203333333334,0.5,0.5
CASE_012AEFB60CC7,Heerdt,AH_MH_INV,8,1949.9212091057507,650.1684434937612,45.56225872097937,48.01495749453501,239.09349289958408,0.0,0.0
CASE_01573C42AC44,Downs-Canner,SDC_AQ_DCIS,3,1674.2312317686674,1218.2153468805705,41.644566279252864,42.685984752758394,246.00073174886117,0.0,0.0
CASE_01719D57B6D6,Lee,ML_LS_INV,4,1429.0828462863933,672.9276211527035,35.208661143182724,41.16712914661737,245.04678986928104,0.0,0.0
CASE_017DB9E37124,Tadros,AT_MA_INV,3,4181.093333333333,2272.0654545454545,44.27950100288448,48.21526134499182,245.11693939393942,0.0,0.0
CASE_018C8FDB4FC4,Plitas,GP_MZ_INV,6,1410.2619956427015,619.8956926916221,35.76507035963083,41.25574427121555,246.41127595563478,0.0,0.0
CASE_0196684334DC,Kirstein,LK_MK_DCIS,3,1849.5967408199642,882.4125257278669,37.32594236128182,37.00178940968954,247.59021826104183,0.0,0.0
CASE_01F7D0E3134C,sacchini,VS_PD_INV,3,696.3273069518717,234.97321140819963,18.35089113457089,25.731784647064615,248.15459790057434,0.3333333333333333,0.3333333333333333
CASE_0214C6869511,Lee,ML_DG_INV,2,1790.9389759952467,1406.615990730838,44.679572450155305,44.20259963864922,245.29477849079024,0.0,0.0
CASE_0241AB0C9859,Goel,NG_LC_invasive,15,1692.1783733174886,631.3575736185384,41.35444310175341,42.84365892444675,246.02355573776987,0.0,0.0
CASE_0264BC997E04,Plitas,GP_JK_INV,2,1516.9554134284017,1510.3909492572786,38.89962193406631,42.09875545148892,245.58191170528818,0.0,0.0
CASE_02A5FC8F1B04,Pawloski,KP_NB_INV,3,556.1100698752228,297.01971907308376,18.18077417941851,24.208890666875405,250.14054188948307,0.0,0.3333333333333333
CASE_0304A7C8066A,Pawloski,KP_NF_INV,2,1896.2901446226974,1619.6594868686868,47.11385405339398,45.520737195869316,244.7757964349376,0.0,0.0
CASE_044619FD5AC6,Giannakou,Gianna_SM,3,1541.6651564270153,482.8438091503268,36.84267312744913,38.247548386041565,247.16236573578928,0.0,0.0
CASE_0452A5CF5F5A,EL Tamer,MET_MM,4,819.2958657159834,290.63862602495544,24.27592351747805,31.81000494397817,247.49960190136662,0.0,0.25
CASE_0459BAF96CA2,Lisa Allen,LA_JP_invasive,14,634.4322987818681,250.17394865870452,28.15388657987225,38.7975945190873,247.38849225872167,0.14285714285714285,0.0
CASE_0463AE81D282,Downs-Canner,SDC_DG_DCIS,2,1031.8128301841948,770.3055588829471,43.155732929185106,51.54842818906771,242.29422721330954,0.0,0.0
CASE_048053C9F431,sacchini,VS_SB_INV2,4,2560.8380274509805,1803.7241504456329,61.06630479798715,53.08037105209765,241.6014141117053,0.0,0.0
CASE_05115896A053,Lee,ML_SB_INV,3,1596.655879104773,498.3435512774807,38.33979397372636,39.72193984639831,246.6017787284611,0.0,0.0
CASE_0528CC92AFCC,Mamtani,AM_JH_INV,5,1014.1534470825906,400.2815957219252,23.5598788034506,29.597388348765413,249.0590015210933,0.0,0.0
CASE_053D6CF2BFA9,Capko,DC_JO_invasive,2,1787.2382415923944,809.7833235888295,32.39553463306196,33.4615165014329,248.18704010695188,0.0,0.0
CASE_05795885BF54,Choi,XC_SL_invasive,2,1359.6227900178253,978.9606759358288,36.748876144176094,44.245757384131515,245.92146773618538,0.0,0.0
CASE_05808F946239,Morrow,MM_SZ_INV,2,1791.2920770053474,1421.7963213309563,43.180145358983395,48.54630739345089,243.35755858585858,0.0,0.0
CASE_0604423B3F77,Morrow,MM_TC_INV,3,1477.7387232323233,829.9438005941771,36.4752082891348,39.4880765725931,247.1323714795009,0.0,0.0
CASE_061B112242F0,Tadros,AT_NG_INV,3,555.1658295107942,299.02592537136064,20.39640522230712,25.745715063509973,247.26669431570608,0.0,0.3333333333333333
CASE_0651EE41384D,Giannakou,Gianna_LB,3,1455.4389873638345,1110.1657478312536,31.46286619797684,34.3886104958198,248.8559596751832,0.0,0.0
CASE_0676EC9CEC3D,Lee,ML_MM_INV,2,1009.438853238265,562.5554188948306,25.358664159212687,34.83033140003719,248.30551764705882,0.0,0.0
CASE_06DBEDB1CF78,Heerdt,AH_KB_INV,5,1777.6414956625074,799.6499441473559,42.70466153241226,43.87567284652731,245.03080679738565,0.0,0.0
CASE_0708109E7BBB,Choi,XC_KG_invasive,2,1952.9155983363044,1780.1705656565657,49.13041958119692,47.881564175709784,243.7617606060606,0.0,0.0
CASE_0744DE1058D8,Montagna,GM_XM_INV,2,723.4108023767083,309.38408152109326,25.115119356311823,45.34166462145258,216.697730362448,0.0,0.0
CASE_0753E9E9BC12,Pawloski,KP_NF_INV,5,1850.468932905526,922.7403393939394,44.49738667518623,45.27964264647004,244.63928256684494,0.0,0.0
CASE_079790FF6400,Giannakou,Gianna_CR,3,526.7115820954645,297.3636798573975,18.136724615878723,25.460735960351627,249.4979708061002,0.0,0.3333333333333333
CASE_07A75356993E,Downs-Canner,SDC_LR_invasive,11,596.5188443148058,185.80287201426023,23.29942385615193,27.671364670923914,245.20229841732836,0.2727272727272727,0.18181818181818182
CASE_07C1EE56C097,Choi,XC_KAG_DCIS,2,1497.2561612596553,1470.639096137849,38.39736040205456,42.31339795520696,245.85273879976234,0.0,0.0
CASE_082F7072C411,Mamtani,AM_JH_INV,6,1841.125991523074,316.8550961378491,44.29342218500733,44.471010474751324,244.4971870073282,0.0,0.0
CASE_08342805E0C8,Lee,ML_NT_DCIS,4,918.1599923351159,307.3778790255496,26.519349938113844,32.46170017946126,247.2955848781937,0.0,0.0
CASE_0836CB3A549D,Downs-Canner,SDC_AM_invasive,4,2441.525340819964,2019.7701654188947,59.47465288412353,52.46201579249734,241.75646399286987,0.0,0.0
CASE_085371C6EA90,Downs-Canner,SDC_SC_invasive,2,2616.3287656565653,1573.9881509209745,47.78355485349453,49.578623321553096,242.39190950683303,0.0,0.0
CASE_086B9CCC2862,Plitas,GP_MC_INV,2,926.6016938939257,214.94370864358055,33.25683826777063,33.798633149013575,247.4989429590018,0.5,0.5
CASE_088C1C3F1705,sacchini,VS_BE_INV,2,639.5870652406417,371.79838692810455,18.93662273428457,27.57015037327006,249.4186202614379,0.0,0.0
CASE_088C2D33712F,Barrio,AB_KM_invasive,5,2382.5924818062986,1162.417310516934,57.76477944547783,50.95108292554901,242.15367631610215,0.0,0.0
CASE_092F28464BD6,EL Tamer,MET_OR,7,741.5698262626263,268.9020639334521,22.233022524713494,32.95234486699393,247.15534190645957,0.14285714285714285,0.14285714285714285
CASE_098A84F817A2,Choi,XC_CF_invasive,2,287.8408152109329,178.50115793226382,32.8299771791827,37.41426395649508,245.63108033273915,0.5,0.0
CASE_09CEA23B8620,Kirstein,LK_AB_INV,13,573.3645016865487,295.55399429590017,21.07467103109049,26.093581730299068,248.89752597467893,0.0,0.07692307692307693
CASE_09DCD7F3F108,Heerdt,AH_LG_INV,2,1207.6693775401068,647.8422298276887,29.324183431603828,35.552154439867806,248.13027872846106,0.0,0.0
CASE_0A53DC66CEFD,sacchini,VS_BG_INV,2,1659.069833630422,1411.2039408199644,40.20717662214569,43.116332718650895,245.6139781937017,0.0,0.0
CASE_0A6EE726BD10,Barrio,AB_CB_invasive,5,2008.9075377777779,142.2409475935829,49.134055082779206,44.31732407249343,244.11508472964942,0.2,0.2
CASE_0A81A74AAF85,Mamtani,AM_VA_INV,2,1865.1141259655378,1446.0671477124183,46.61602589152448,45.07336808124137,244.87953927510398,0.0,0.0
CASE_0AEA1D0571B1,Lee,ML_WY_INV,4,548.3714673796792,295.857290077243,16.07947372116305,25.38637155734356,250.4693436423054,0.0,0.25
CASE_0AEEA4BDE905,Downs-Canner,SDC_SC_invasive,1,1740.1872085561497,1740.1872085561497,42.98640111330573,44.99398407740269,244.23295115864528,0.0,0.0
CASE_0AFD1A8AC878,Goel,NG_LC_invasive,3,2311.765921647851,1501.2635857397504,45.736673162355764,47.61268393873172,244.37814161220044,0.0,0.0
CASE_0B09FA0516C1,EL Tamer,MET_MW,4,1849.9725799168152,596.1867814616755,45.46042111971887,44.487587010956204,244.79868975044565,0.0,0.0
CASE_0B1196FB92C9,Giannakou,Gianna_KW,3,765.9582902753021,217.57307474747475,21.79664151349191,30.28650474184197,248.15931352743118,0.3333333333333333,0.3333333333333333
CASE_0BA2FB618B30,sacchini,VS_RR_INV,4,1761.5372194890078,422.263503030303,43.351520139997156,42.88808368799645,245.22901515151514,0.0,0.0
CASE_0BAA5542EBE0,Kirstein,LK_JR_DCIS,2,1372.2663601901365,288.29740297088534,33.138247602213,34.08849264386738,247.47785591206178,0.5,0.5
CASE_0BBE3F161E45,Mamtani,AM_JB_INV,6,2062.572204436522,1492.7775279857397,49.573403072447896,49.29758422474915,242.89991117052878,0.0,0.0
CASE_0BCACEFA43B3,Lee,ML_IS_INV,2,1722.7887832442068,1342.2930930481284,41.6910830007292,48.19525028467652,243.4703158645276,0.0,0.0
CASE_0C29C64C93AA,Barrio,AB_SL_invasive,2,1466.388265359477,1123.236733452169,35.65697438593881,39.42435486378109,246.94310463458112,0.0,0.0
CASE_0C3DE3D3E507,Barrio,AB_LU_invasive,2,1834.5314071301248,1349.5733982174688,44.232984365167994,43.89175673888837,245.09116001188355,0.0,0.0
CASE_0CBD28F5189A,Goel,NG_LJ_DCIS,2,1423.1005108734403,940.8706105763516,34.74183195901451,38.41239837645617,247.10506185383247,0.0,0.0
CASE_0CF6AA78D312,Heerdt,AH_SR_INV,2,1831.2804930481284,1646.7920812834225,44.57093397244407,50.8506970804092,241.8768301247772,0.0,0.0
CASE_0CF7747085B3,Kirstein,LK_SW_INV,3,463.46073836403247,280.83151253713606,18.934867656177126,23.536913048092888,249.5883201029907,0.3333333333333333,0.3333333333333333
CASE_0D478E253F4C,Barrio,AB_GOH_invasive,4,1509.633948544266,146.07380891265598,37.60516139735918,38.55348299194008,246.52196530005943,0.25,0.25
CASE_0D93B35B5604,Plitas,GP_MC_INV,2,793.4091150438137,259.80602586530784,28.035637878029277,30.34875898437305,249.4971193107546,0.5,0.0
CASE_0DB2DBA70C00,Plitas,GP_JJ_DCIS,8,1672.9835286096256,389.8567320261438,39.995682578133874,41.08929612237431,245.10229328579916,0.0,0.0
CASE_0DB7C93FFF63,Bayard,SB_DB_invasive,3,1444.2756366013073,886.0583229946524,35.99036883891969,39.32578790962871,247.22746908298674,0.0,0.0
CASE_0DE42EAE2C77,Tadros,AT_ZL_INV,2,920.3615314319667,350.5528420677362,27.333568980660573,34.85542057027368,245.32400861556744,0.0,0.0
CASE_0E2E8BF7E47D,Plitas,GP_TK_INV,4,508.9999459298871,304.08924183006536,17.025910446978155,23.66399710116842,250.40978339275105,0.0,0.0
CASE_0E5F852B89FC,Montagna,GM_PP_INV,6,2023.1839210536739,346.97451883541294,48.00125064625274,43.72140023016416,245.17219003763122,0.0,0.0
CASE_0E634FDA5617,Tadros,AT_SB_INV,3,1497.225810576352,518.2220420677362,36.170338617465006,44.74382034785868,245.11366009110714,0.0,0.0
CASE_0E6E9C29D7AA,Heerdt,AH_KB_INV,2,2274.0239700534758,1206.186726084373,31.18294812444565,36.93986841295627,248.05188829471183,0.0,0.0
CASE_0E7AAEBC71A0,Bayard,SB_VM_invasive,3,1304.9510738166475,759.3757105192101,59.9409071392107,62.0000780117223,235.9974741239556,0.0,0.0
CASE_0EAC77490E16,Tadros,AT_MS_INV,19,441.68867144510114,120.13577872846108,17.123996344853232,23.3128120703408,246.19170189198485,0.5263157894736842,0.5263157894736842
CASE_0ECF67D38F89,Mamtani,AM_EB_INV,2,1967.8683575757575,1600.4469219251337,49.37477809620759,46.4953405820718,244.29094260249553,0.0,0.0
CASE_0ED96F666318,Plitas,GP_JK_INV,2,1614.162018300654,1257.1811612596557,38.84574654680791,40.670711755444245,246.6052963755199,0.0,0.0
CASE_0F347CD5B351,Choi,XC_PH_invasive,2,1983.9548904337494,1898.012916221034,47.47526615507975,46.00820010853083,244.37591235888294,0.0,0.0
CASE_0F4FDD54A6FC,Capko,DC_CM_invasive,9,1335.5868072335466,213.97228338030877,23.52970109647497,31.330374194830338,249.16233698055646,0.1111111111111111,0.1111111111111111
CASE_0F66B266F57B,Capko,DC_SK_invasive,7,1526.9637386639504,688.8157309566251,66.00593877353698,73.94765041621294,225.54016616586028,0.0,0.0
CASE_0FBD76F6B8A9,Plitas,GP_JK_INV,2,1727.5558263814617,1626.465407486631,41.46221870485399,42.262977174759556,246.10680332739156,0.0,0.0
CASE_0FD62B6C320C,Kirstein,LK_JW_INV,2,1519.771071657754,1234.423595721925,36.8053923746701,46.294914924838594,244.58896821152703,0.0,0.0
CASE_100F38502339,Montagna,GM_TD_INV,3,883.3521054466231,197.96884848484848,31.4596695759798,37.12443564055113,247.43931099227572,0.3333333333333333,0.0
CASE_102EC7D7D708,Capko,DC_BF_invasive,3,1299.796812913448,982.0765190730838,34.48613824896101,39.63711200003926,246.8155153099624,0.0,0.0
CASE_1078347A85D3,Giannakou,Gianna_KW,5,881.2549138443255,217.80695068330365,27.47430616900629,33.32980988155808,246.29003130124775,0.2,0.2
CASE_10A3E51C6A65,sacchini,VS_SB_INV,5,538.1779090196079,281.13860320855616,18.909694511769242,24.881183448392978,247.07234115270347,0.2,0.2
CASE_10D8E889DC42,Mamtani,AM_EN_INV,2,1002.7088488413549,487.3937029114677,24.82880545356421,31.981025569188446,248.81910291146767,0.0,0.0
CASE_111DFBBE8B1F,Downs-Canner,SDC_AQ_DCIS,2,1800.0568671420083,1035.5677934640523,43.612942147753,43.61154951393597,244.84566821152703,0.0,0.0
CASE_1120FC9C1189,Tadros,AT_SB_INV,3,2098.0289307189546,1270.2709658942365,51.680696061127826,48.649874819287305,243.33973610615962,0.0,0.0
CASE_119EE076A35C,Plitas,GP_KT_INV,7,1717.2986601476953,348.7711115864528,41.02172687322754,41.27972196620953,244.7876651048298,0.0,0.0
CASE_11CCDC1DD1B9,Pawloski,KP_NB_INV,14,826.6215106697225,293.50349685086155,25.65668023002903,31.668153393133633,246.9798831083949,0.0,0.07142857142857142
CASE_11DF141E97BB,EL Tamer,MET_HH,3,889.1937642305408,287.1807056446821,26.41956460362596,32.50329258059677,246.91445830857595,0.3333333333333333,0.3333333333333333
CASE_1265EA0AF7FD,Barrio,AB_SL_invasive,4,239.56405344996853,0.5506806758832565,11.520319241387122,20.583672201931506,248.37374133468407,0.5,0.5
CASE_126BD71EA118,Pawloski,KP_LK_INV,3,2026.0843927906515,1294.7158761734995,50.02201819583858,48.27699859259388,243.6074723311547,0.0,0.0
CASE_128FD68295CC,Downs-Canner,SDC_AP_invasive,2,1351.5345803921568,971.7462193701724,33.9356522717301,38.56232185928621,246.96765383244207,0.0,0.0
CASE_12951F14752C,Capko,DC_KB_invasive,2,869.2713138443256,478.8531320261438,29.940444422144736,39.04510506343303,247.29133452168747,0.0,0.0
CASE_12AC8C8DE7CB,Goel,NG_JA_invasive,4,1594.8011831847891,150.03376993464053,27.075937544720073,28.414237322074637,250.11580923945337,0.25,0.25
CASE_12E7CB3DB1A4,Downs-Canner,SDC_CA_invasive,3,1826.2461972667854,1116.2144306595364,45.667372995289924,45.91399426410748,244.57904741532977,0.0,0.0
CASE_12F98B51F7C1,Heerdt,AH_LG_INV,2,1874.1754537136067,1357.7698726084373,44.84917405909786,44.36233879390221,244.94840724896017,0.0,0.0
CASE_134A0F5CAF99,Lee,ML_BA_INV,4,690.2544831253713,307.53110683303623,20.120208965348777,27.55148979036633,249.3050412358883,0.0,0.0
CASE_1353079D4C91,EL Tamer,MET_GO,4,1917.4848102198457,843.3951695781343,47.93186274375536,44.967377345690096,244.36683677956032,0.0,0.0
CASE_13F55308F919,Plitas,GP_MC2_INV,4,976.1591240047534,248.02901176470587,29.18995867356745,34.56924605948641,246.1041059714795,0.25,0.25
CASE_14273DBAB6EA,Moo,TM_IA_INV,3,795.0316984749455,272.6893330956625,18.43927183267616,27.314057501994114,250.356174489998,0.3333333333333333,0.3333333333333333
CASE_1429431986E6,Giannakou,Gianna_MM,1,1864.6242628639332,1864.6242628639332,46.0287392574244,47.40502525344872,242.8436890077243,0.0,0.0
CASE_143595304556,Tadros,AT_ZL_INV,3,711.2065365815014,286.18413000594177,21.794915671377776,30.297638222259916,248.2150055852644,0.3333333333333333,0.3333333333333333
CASE_145055137903,Pawloski,KP_NB_INV,9,675.5153576285734,298.1974314913844,22.106484070962782,28.81290434408787,247.61264132831582,0.0,0.1111111111111111
CASE_152CC9F21285,Pawloski,KP_XY_INV,7,1790.3150536287244,258.51622863933454,42.69083895939033,43.289978679969785,245.02258560393855,0.14285714285714285,0.14285714285714285
CASE_15618B72AE44,Plitas,GP_LH_INV,3,3376.3888103782933,3134.0792320855617,57.694648721078174,54.852716666489165,241.03594505842742,0.0,0.0
CASE_157DB94F00AF,Heerdt,AH_UD_INV,4,409.6425414141414,241.82979108734403,14.75543647729239,20.71823567406542,251.09661470588236,0.5,0.5
CASE_157E90C60792,Heerdt,AH_HS_INV,7,718.527625838214,291.0503957219252,26.024385662253568,30.726817693312935,246.52243208556152,0.0,0.14285714285714285
CASE_158C6C956E72,Barrio,AB_JSJ_invasive,2,729.12650439581,152.8738285634119,31.00247403964291,44.65233829231927,245.61119236344933,0.5,0.0
CASE_15C11C37FBFD,Moo,TM_DB_INV,5,731.9600567082591,295.73739774212714,20.770132116815724,32.79138051046665,247.89478350564468,0.0,0.2
CASE_15C83AB3C04A,Moo,TM_DM_INV,3,1466.469909130521,239.46696304218656,35.273356614057924,39.864864128380816,245.66313269954446,0.3333333333333333,0.3333333333333333
CASE_15C9C25210A4,Moo,TM_DB_INV,9,763.2152612662574,226.0201114676173,26.457425212485557,31.15881108609689,246.33881843269293,0.1111111111111111,0.1111111111111111
CASE_1654820CE7D9,Lee,ML_IS_INV,4,1473.8073181224004,157.0553578134284,30.143809504216286,30.42872913141527,249.18036381461675,0.25,0.25
CASE_167A90564131,Pawloski,KP_XY_INV,3,750.7234456724103,271.536240285205,23.366035651545616,29.069812950764756,248.1817509605862,0.3333333333333333,0.3333333333333333
CASE_167CF2345DF2,Lee,ML_LS_INV,2,618.9733082590612,362.5043084967321,17.447561165724153,33.57188124987377,247.8885789661319,0.0,0.0
CASE_16C52CC74DAB,sacchini,VS_BG_INV,5,2397.3551777064763,859.4597784907902,57.92101736585111,50.86993572780732,242.10691838383838,0.0,0.0
CASE_16D51E864931,Tadros,AT_ZL_INV,4,1526.879141117053,176.39328556149732,37.3821163809754,39.1045492471387,246.53108146167557,0.25,0.25
CASE_172A8C116E59,Giannakou,Gianna_SM,2,1198.0100002376707,325.9165808674985,28.831400023591122,32.5658894355876,248.54455811051696,0.0,0.0
CASE_1732BC2AC1C5,Lee,ML_MM_INV,2,988.7444532382651,238.5223907308378,24.48944684041244,31.16235602314139,248.74510695187166,0.5,0.5
CASE_174163F8357C,Heerdt,AH_MH_INV,22,529.6406229244315,173.8317606654783,15.807655265828748,24.909218552727694,250.1245619402582,0.36363636363636365,0.5454545454545454
CASE_1752B5696EAD,Capko,DC_JL_invasive,2,1683.6457468805704,920.812910516934,40.630805561191885,41.087416861877315,245.8921162804516,0.0,0.0
CASE_17709B5CE406,Mamtani,AM_JB_INV,3,1848.645949138443,1553.0905846702317,44.06526862763846,43.921202128113386,245.5583082590612,0.0,0.0
CASE_17ABAEE99BFA,Barrio,AB_JSJ_invasive,4,2198.8203202020204,1839.373558882947,53.50554021094399,49.93365601962476,243.0776547534165,0.0,0.0
CASE_182FD88F8102,Heerdt,AH_LG_INV,2,1810.8883313131314,1285.556086036839,43.23790518233996,43.281321679969395,245.40005715983364,0.0,0.0
CASE_1842031B0723,Bayard,SB_NT_invasive,2,1695.7777635175282,1624.8897245395128,60.73302633787919,64.33596650831366,234.91509156268566,0.0,0.0
CASE_18658176EB57,sacchini,VS_BE_INV,2,587.1483790849674,371.3115731431967,17.368482533488553,25.914926887175827,250.12028775995248,0.0,0.0
CASE_187AC34AE077,Kirstein,LK_MG_INV,2,904.5262833036244,367.4804453951277,26.192971523606342,32.32097592771228,247.14537397504455,0.0,0.0
CASE_18C810585092,Moo,TM_WA_INV,3,767.2428468211527,303.3640085561497,22.53748925074804,41.355626398812156,243.32021010101008,0.0,0.3333333333333333
CASE_18E54E975298,Goel,NG_NF_invasive,2,1561.649456922163,479.1168834224599,37.83312640714929,37.28563159685663,246.54422453951275,0.0,0.0
CASE_1920D01CB7FA,Choi,XC_PH_invasive,2,1765.9675410576351,1424.9138058229353,44.25616360076222,43.99999266172488,245.3850148544266,0.0,0.0
CASE_1944E0DA6091,Capko,DC_JL_invasive,2,1789.69101010101,1393.941527510398,45.23980319746688,44.36354642077224,245.17747302436123,0.0,0.0
CASE_196EC9FD5718,Choi,XC_CH_invasive,3,424.5638488413547,212.4905606654783,12.943928461113913,23.010808756352432,250.94342931273522,0.6666666666666666,0.6666666666666666
CASE_1975E9CA0C35,Downs-Canner,SDC_AP_invasive,2,1087.1946755793226,479.08831942959,27.391078918424114,33.61619809138149,248.41346494355315,0.0,0.0
CASE_19B0DE68482D,Lee,ML_IS_INV,4,1420.4373066547832,589.2618761734997,34.88165945699318,40.06144242449259,245.2252005050505,0.0,0.0
CASE_1A0877E727AF,Mamtani,AM_EB_INV,4,1980.3235602495545,873.010210338681,48.45175178988056,46.709234934951226,244.1103926916221,0.0,0.0
CASE_1A8394C2B191,Morrow,MM_MA_INV,2,518.675180154486,362.18577112299465,14.361973261653162,25.761642410298684,250.74736904337493,0.0,0.0
CASE_1AA18247FF0A,Morrow,MM_HB_INV,4,893.140948366013,301.3400967320261,26.50992545776113,32.07983111169211,247.0902660724896,0.0,0.25
CASE_1AB42BFC66EE,Giannakou,Gianna_KH,2,1309.8504346999405,708.4087035056447,31.846066604640896,37.031345739456384,247.53994301841948,0.0,0.0
CASE_1ABA3655B3B9,Lee,ML_DG_INV,4,1199.5181759952466,663.6541932263815,29.475333515837015,38.10713926450129,246.36765341651815,0.0,0.0
CASE_1AC047E7DC64,Kirstein,LK_JR_DCIS,3,1419.0060400871462,141.42743885918003,35.316157582284,35.45983851887801,247.3855839968311,0.3333333333333333,0.3333333333333333
CASE_1AC3ACDCB5B0,Lee,ML_LS_INV,3,569.2975360665479,234.2104836601307,16.346643347002573,24.44358606569254,250.333801822143,0.3333333333333333,0.6666666666666666
CASE_1B2381F9A633,Downs-Canner,SDC_DG_DCIS,4,616.1422193701724,215.16183077837195,16.767183259892164,30.51629409258523,248.88394203802733,0.25,0.25
CASE_1B63BBB94062,Mamtani,AM_EB_INV,4,567.575667023173,218.62881164587048,16.95975295094,25.12901376624687,250.0349905228758,0.5,0.5
CASE_1B735E8BA057,Lisa Allen,LA_RQ_invasive,2,1628.2506288770053,1170.9227348781938,39.65522431798431,46.669255410365444,244.13754890077243,0.0,0.0
CASE_1BC05B9C4B5C,Barrio,AB_KH_invasive,2,1249.4409579322637,269.26867427213307,30.516375486368,33.59119369919573,247.7198468211527,0.5,0.5
CASE_1BD3D32B6747,Moo,TM_MC_INV,4,1752.0947590017827,705.77642590612,38.38282689280656,39.114946411287626,246.96032537136068,0.0,0.0
CASE_1BE9FB8EF4DF,EL Tamer,MET_OR,3,1050.0956919786097,287.28409744503864,30.555661291118792,35.999143492090376,245.07626737967914,0.3333333333333333,0.3333333333333333
CASE_1BF7C0D35B3C,Plitas,GP_MC_INV,5,944.6795437195485,220.8950433749257,29.299605086755907,38.17086639750819,244.55393155080213,0.2,0.2
CASE_1C03816D85BF,Bayard,SB_GC_DCIS,4,819.9630048166853,305.6848300130939,32.450996159214775,43.747460984344436,245.56960133744855,0.0,0.0
CASE_1C0432C11AB9,Mamtani,AM_MS_DCIS,2,1898.2663128936424,1690.975167201426,47.59795991324626,46.28739930174,244.43200837789664,0.0,0.0
CASE_1C09DF50369E,Barrio,AB_CB_invasive,2,1397.879123469994,489.53210790255497,34.00155478965448,36.96962990645736,246.95719150326798,0.0,0.0
CASE_1C21AF09F36B,Moo,TM_FS_DCIS,3,736.1148480095068,284.5682726084373,21.672718738779164,28.305945532538658,248.88232279659337,0.3333333333333333,0.3333333333333333
CASE_1C3FD332A3C3,sacchini,VS_BE_INV,6,830.9488687264806,290.4488910279263,26.439424419900934,31.996226167347043,246.78884882154884,0.0,0.16666666666666666
CASE_1CDCAE1DBEE3,Pawloski,KP_NB_INV,13,1507.6032088486677,300.5743895424837,45.974528511493745,38.76255385245621,240.5567327208739,0.0,0.07692307692307693
CASE_1CE6AF63E82E,Plitas,GP_CB_INV,8,701.2532468211527,241.06757290552585,25.104445782492444,31.346436928825803,246.62843088235294,0.125,0.125
CASE_1D227BAEB91C,Barrio,AB_JSJ_invasive,2,1213.096640245043,767.0455845491956,51.842085545183664,46.09455076502687,243.9474402590722,0.0,0.0
CASE_1D4DFECA14E1,Morrow,MM_MA_INV,5,468.9780127866904,245.21863363042183,17.42225969545372,25.53765989007004,249.1959627332145,0.2,0.2
CASE_1D77C51145B8,Kirstein,LK_CG_INV,2,1870.8533956030897,1310.823656090315,45.05848596412445,43.86062272903244,245.0987434937611,0.0,0.0
CASE_1D8371978E76,Goel,NG_MS_invasive,4,1561.7798899584077,545.5045124183007,39.76694346840271,42.758449438886515,245.38507032085562,0.0,0.0
CASE_1E21EB703AB9,EL Tamer,MET_CM,2,1634.0489187165776,664.9667201426025,39.41475300974772,39.272943406794525,246.44633107546048,0.0,0.0
CASE_1E2B9FBE5215,Kirstein,LK_MK_DCIS,3,1654.5619120617946,1152.1562150920977,41.423524412075444,44.96080108158194,244.90848944345416,0.0,0.0
CASE_1E79893497A2,Kirstein,LK_JW_INV,2,1534.451199168152,1294.2007103980986,37.25305435228443,45.23187650161529,244.76853309566252,0.0,0.0
CASE_1E84AAC8C1B7,sacchini,VS_AA_DCIS,3,2378.485438146168,2050.8983553178846,46.381494092076174,49.709639807438755,243.42042701525057,0.0,0.0
CASE_1EB68AC3BDE9,Plitas,GP_VC_INV,15,752.0439765339671,285.5799676767677,23.432185752548833,28.78890889891772,248.3445514913844,0.06666666666666667,0.06666666666666667
CASE_1EDDE6B4A569,Mamtani,AM_DB_INV,3,724.8958142206378,291.2792501485443,25.237469162595364,34.65159902165979,243.5239881560705,0.0,0.3333333333333333
CASE_1EF2D3DECDF4,Kirstein,LK_RR_INV,36,626.7524852710108,191.85906666666668,19.098560384782623,29.49889413146274,247.96184264870934,0.16666666666666666,0.16666666666666666
CASE_1F13DE8451BA,Lisa Allen,LA_KW_invasive,1,1677.4852400286952,1677.4852400286952,54.94992189494968,50.33493476529038,242.3157814616756,0.0,0.0
CASE_1F9FD8749623,Tadros,AT_ZL_INV,5,1796.688647510398,840.0468194890077,43.008857714995756,44.91987607412998,245.08442607248963,0.0,0.0
CASE_1FB457E35153,Morrow,MM_TC_INV,2,1653.932922875817,1011.0644458704694,34.10945107419307,40.07243025110631,247.09471176470586,0.0,0.0
CASE_1FBB6BAB09F6,Bayard,SB_DB_invasive,4,2011.0194778966131,1063.5220568033274,49.336834150553976,47.34361734998746,243.92899156268567,0.0,0.0
CASE_1FC063353BCA,Mamtani,AM_VA_INV,1,1270.160286631016,1270.160286631016,32.961229021468846,38.06616236647344,246.3886458704694,0.0,0.0
CASE_2026333181EC,Goel,NG_LCB_invasive,9,1706.3051450188157,368.7660446821153,41.98000421377522,42.484444931209026,245.78922359543145,0.0,0.0
CASE_207704CBD6C7,Morrow,MM_AK_DCIS,4,2052.568787700535,267.6894690433749,49.477679480252135,44.14791404943178,242.44846164587048,0.25,0.25
CASE_20ADDC6596F2,Plitas,GP_MC2_INV,3,822.2216626658745,231.3219348781937,24.42657752096513,31.34506893343337,247.48323771043772,0.3333333333333333,0.3333333333333333
CASE_215D947DA45A,Montagna,GM_YL_INV,2,1533.718433798911,1503.1485425928138,52.74630551239524,47.746541187592946,243.25606375519905,0.0,0.0
CASE_2177F6EAE481,Mamtani,AM_EN_INV,2,1956.9960926916222,1897.499724301842,47.1781186017846,46.893444678565146,244.02895252525252,0.0,0.0
CASE_2181A1A690CE,Lee,ML_BA_INV,10,1505.2722312774806,296.71571954842545,38.9111518831403,40.84075459711242,245.27054028520496,0.0,0.0
CASE_2188B213107E,Capko,DC_KO_invasive,2,1833.222235056447,1425.0277086155677,46.12788342325648,44.86496521761717,244.97835739750445,0.0,0.0
CASE_219F3C2298D5,Giannakou,Gianna_SM,3,1584.4395445434739,597.4982978015448,37.963083319845424,39.51870971836222,246.70414462269756,0.0,0.0
CASE_21B32C27A35D,Giannakou,Gianna_KH,2,1863.394716815211,1637.0590055852645,45.040255559245566,44.870694512910546,244.80093773024362,0.0,0.0
CASE_21B5E0FE5846,Pawloski,KP_MM_INV,3,615.8008965735789,298.5959056446821,19.16088046101174,24.610156013003216,249.89859897009308,0.0,0.3333333333333333
CASE_21BA01592804,Goel,NG_MC_invasive,2,1764.5920985145576,1421.5636646464648,44.29274947196397,43.96201202608471,245.38177052881758,0.0,0.0
CASE_221D4B7941F2,Mamtani,AM_MS_DCIS,3,700.4110190532779,274.6544130718954,21.84715192379636,27.194876296105942,248.92009910873443,0.3333333333333333,0.3333333333333333
CASE_227D3C83F9F2,Choi,XC_BN_invasive,2,1754.6909462863932,1418.908649792038,44.139904563579194,43.88381520331079,245.41822834224598,0.0,0.0
CASE_22855B144500,Moo,TM_PL_INV,10,1654.8266199643494,700.9216461081402,39.475960945359745,43.2987040779557,246.13101139631607,0.0,0.0
CASE_228EE77D542E,Heerdt,AH_NF_INV,3,930.2923668845316,316.7248230540701,17.832741594894145,25.534008428775962,251.3523891067538,0.0,0.0
CASE_22CD36D01E37,Kirstein,LK_DF_INV,5,1363.161594248366,693.9187907308378,33.88624886866036,40.66224473961255,244.7784303505645,0.0,0.0
CASE_22DFEB54758F,EL Tamer,MET_HH,7,401.2135001103471,125.87637266785502,13.756516520447466,21.746867553814834,247.9307527544351,0.5714285714285714,0.5714285714285714
CASE_22E705F8DF3A,Bayard,SB_LD_invasive,2,2463.284596316102,2171.625966013072,58.74352026062968,49.98393112764451,242.62810326797387,0.0,0.0
CASE_2306C95DA73A,Choi,XC_CH_invasive,3,1886.1481735789266,1362.1928363636364,46.78426569207247,46.436985006535565,244.44259691027924,0.0,0.0
CASE_2315BCDDB465,sacchini,VS_SB_INV2,3,902.8124388195683,284.4785143196673,26.295380007008546,31.803506456861566,247.04005375321844,0.3333333333333333,0.3333333333333333
CASE_23528AB04553,Mamtani,AM_MS_DCIS,3,787.1753673202614,273.627909922757,24.725622487917295,28.423302624429358,248.0499578134284,0.3333333333333333,0.3333333333333333
CASE_237F288AE21A,Kirstein,LK_MK_DCIS,2,1803.5033828877006,1539.7525480689246,45.3191981886629,44.58056314657959,245.1694724896019,0.0,0.0
CASE_239C92DD18BA,Lee,ML_LT_INV,2,1959.5312249554368,1468.2694196078432,47.25975070355877,46.21565247039661,243.95449084967322,0.0,0.0
CASE_23A647370452,Goel,NG_TV_invasive,2,1266.086733571004,837.5886505050505,30.84293119457133,37.583044917321075,247.5442780154486,0.0,0.0
CASE_23C4CEC5BCB6,Capko,DC_CM_invasive,2,1225.8749411869323,291.391307447329,20.437169458596077,26.90088249597354,250.20709338126926,0.0,0.5
CASE_23E07A5ECC96,Lee,ML_NT_DCIS,4,1262.037830005942,804.6383377302436,31.15813700251118,39.25907887605831,245.72139295900178,0.0,0.0
CASE_23E7CCD46407,Mamtani,AM_VG_INV,7,1631.1650017485783,349.18705288175875,41.756917461027584,41.7805046229941,245.57763284950346,0.0,0.0
CASE_24091093E261,Tadros,AT_MA_INV,5,1534.9041243018419,771.1493898989899,37.22508812128109,42.298335774561714,246.0514501010101,0.0,0.0
CASE_2440B96D97DA,Mamtani,AM_VA_INV,2,1290.8809346405228,950.876020677362,31.736572999679815,38.53333757249138,247.00439649435532,0.0,0.0
CASE_244218AE3CB5,Morrow,MM_MM_INV,2,1378.5234818775996,1312.571859536542,35.65641521314157,37.62758580633415,247.38966316102196,0.0,0.0
CASE_2466849C8EB0,Capko,DC_KB_invasive,5,1514.3487891622103,416.9353385620915,37.59011355171071,40.920641338498946,246.50035831253712,0.0,0.0
CASE_24BDD945FF22,Heerdt,AH_NF_INV,2,1577.5038615567437,1158.0230245989303,38.727125815275826,41.824727593860246,245.73538674985144,0.0,0.0
CASE_252960C66208,Kirstein,LK_DF_INV,3,1728.2958491582492,1297.648499584076,42.81673791182717,44.840092192759094,245.24897785700136,0.0,0.0
CASE_2582F86865F1,Goel,NG_LCB_invasive,4,1795.1536029114677,749.4300470588236,44.68307927984109,43.103706030599454,245.10916206179442,0.0,0.0
CASE_25AA5198751C,Plitas,GP_YT_INV,2,1798.4916079619725,1471.501426737968,44.919603853623315,44.32356693482214,245.2560751633987,0.0,0.0
CASE_25E3464D0805,Plitas,GP_MC_INV,1,1135.9252705543952,1135.9252705543952,39.65967180086157,39.34078622711286,247.15236732026145,0.0,0.0
CASE_25FE1EBE0D2B,Lee,ML_BA_INV,3,503.9179007328184,297.1817547237077,22.53091052003775,26.33916733097942,248.7601138047138,0.0,0.0
CASE_2621EDF38869,Pawloski,KP_XY_INV,4,2248.6891472370767,2020.783440522876,54.78130194984259,50.669897741707516,242.73374441473558,0.0,0.0
CASE_262A21967E24,Plitas,GP_MZ_INV,5,1615.5798953297683,1136.5647218062982,39.76423738189708,43.24724961167021,246.0450171836007,0.0,0.0
CASE_262C80F59AB6,EL Tamer,MET_OR,3,839.0383782927312,287.163909922757,24.665600932923876,31.854572480889185,247.39728457120222,0.3333333333333333,0.3333333333333333
CASE_2660C0FD9C85,EL Tamer,MET_KS,3,628.1727839176075,205.30810505050505,18.68272698636876,26.661145992982444,249.5592129134482,0.3333333333333333,0.3333333333333333
CASE_26637FE1F556,Goel,NG_MC_invasive,2,1437.8704439691028,866.8307103980986,35.24590100915767,39.72827288943514,246.5939091503268,0.0,0.0
CASE_267099D98D0D,Choi,XC_MS_invasive,3,2010.3532421469597,1335.7982714200832,43.308585278889616,39.77332719611001,245.91581259655376,0.0,0.0
CASE_26713A7AE784,Lee,ML_WY_INV,5,1226.6844997266785,737.1021801544861,30.548562774620144,38.184433925330325,245.9348663814617,0.0,0.0
CASE_26876D268317,Pawloski,KP_AM_INV,3,898.2493467221233,416.0727106357695,22.78519381416591,28.427309499547125,249.4497348385819,0.0,0.0
CASE_2697D6FC6201,Heerdt,AH_UD_INV,4,425.59137950089126,267.21331978609624,15.15577107998157,21.272733022435066,250.97027887700537,0.5,0.5
CASE_26BD9061D1EE,Mamtani,AM_CC_INV,3,1626.355756466627,1023.7019614973262,40.439911546462405,43.24571500726116,245.71013428401662,0.0,0.0
CASE_26C6DCE98CBA,Morrow,MM_SZ_INV,3,1677.0601693008518,364.7874695187166,40.05817437905424,44.66226651479212,245.05214430580313,0.0,0.0
CASE_26F14C25B15B,Plitas,GP_VC_INV,4,549.4056547831253,213.1293734997029,18.447993098699538,23.681007246762988,249.67525389185977,0.25,0.25
CASE_2741AB012D1D,Plitas,GP_JJ_DCIS,2,1749.619276292335,1366.1699294117648,43.53536380291432,43.620738993162334,245.53573285799172,0.0,0.0
CASE_27437729A140,Downs-Canner,SDC_AM_invasive,3,1044.011005664488,134.80664242424243,16.866916929226438,21.628499739290774,251.79388849277083,0.3333333333333333,0.3333333333333333
CASE_278DD994F049,Capko,DC_KO_invasive,1,1646.0755983363042,1646.0755983363042,40.85203400273334,44.20275895638229,244.59712988710635,0.0,0.0
CASE_27AD63B373C3,Lee,ML_IS_INV,2,1774.4909458110517,1402.2941792038027,44.452782199113145,44.60383974502956,245.11928211527035,0.0,0.0
CASE_2816D50FFE5F,Lisa Allen,LA_JR_invasive,1,1580.0641929887106,1580.0641929887106,39.62035030808872,43.97562427658084,244.6291200237671,0.0,0.0
CASE_281DBE75D88E,Morrow,MM_AM_INV,6,1886.7560246385422,134.56226761734996,31.870896390239157,30.038656126842294,249.80614010695186,0.16666666666666666,0.16666666666666666
CASE_282CDF87D01A,Mamtani,AM_CC_INV,1,1051.614257872846,1051.614257872846,27.206242902192862,35.811809523610705,247.5087961972668,0.0,0.0
CASE_2855F4FE9EA6,Kirstein,LK_DF_INV,2,1023.4701601901367,628.7523082590612,31.238509737076992,40.26037049527928,247.17425181224007,0.0,0.0
CASE_286D674971BE,Lee,ML_WY_INV,3,777.7498985937809,288.1860339869281,22.93316971400873,29.347425384109126,248.41223303624483,0.3333333333333333,0.3333333333333333
CASE_287428637519,Bayard,SB_LD_invasive,12,377.1405257846054,85.95742658577171,16.569999691457856,39.6137441729559,243.69839988344725,0.25,0.0
CASE_28AB0867E6F1,Morrow,MM_MA_INV,7,1332.7805822595706,916.1376539512776,31.91119857947256,35.37666687479291,247.5237089550972,0.0,0.0
CASE_28EAC79A923F,Downs-Canner,SDC_LR_invasive,2,891.2036729564161,526.6239307426113,38.83395710129578,45.294269282443125,244.77730446829406,0.0,0.0
CASE_2905FFAD1C05,Mamtani,AM_EB_INV,4,515.0625200237671,218.62881164587048,15.875238289992584,23.757451273180585,250.51514289958408,0.5,0.5
CASE_2909F83E15DD,Goel,NG_NF_invasive,2,2113.529233868093,1204.301171479501,51.15608625563526,45.548482709518794,243.75789292929292,0.0,0.0
CASE_2916EFD711AB,Mamtani,AM_DB_INV,7,1538.3482176725236,501.707557694593,39.037733078634105,40.574784769844904,246.5557423987777,0.0,0.0
CASE_2921FA8C68F9,Goel,NG_LCB_invasive,10,528.5929898752229,265.74139489007723,18.53110327696018,47.17592481608839,233.35803166963757,0.2,0.0
CASE_29C1E8E5547B,Moo,TM_DM_INV,2,2014.9418047534164,2006.553960308972,48.13251687906777,50.75362930465833,242.08798407605468,0.0,0.0
CASE_29DC8F017752,Bayard,SB_DB_invasive,3,980.6527784792369,267.2897236251403,43.677043012145646,51.604234842069836,241.53029527528372,0.3333333333333333,0.0
CASE_29FB9814C8F8,Barrio,AB_NP_DCIS,2,1968.8616237670826,1628.2888009506833,49.05950291300492,46.38569095492363,244.3664524658348,0.0,0.0
CASE_2A0232D7955B,Heerdt,AH_JG_INV,6,710.74581822143,264.88959500891264,21.580355595875123,28.658230888783777,248.50891431966727,0.16666666666666666,0.16666666666666666
CASE_2A7B87631FC4,Choi,XC_CH_invasive,2,457.99089506833036,290.23845537730244,13.82564242320548,26.184010446608553,250.37732721330957,0.0,0.0
CASE_2AAF1CE375F8,Choi,XC_CF_invasive,4,636.5475349376114,292.47525941770647,23.915453567528083,28.75643706579265,247.20670294117647,0.0,0.25
CASE_2B1B4CFA7CA0,Morrow,MM_MM_INV,3,964.205281996435,292.2603717171717,29.486134299145565,33.54224528103466,245.52865652604478,0.0,0.3333333333333333
CASE_2B37DA318AC2,Giannakou,Gianna_CR,16,612.0909633095663,160.6771137254902,19.102907830604924,25.250262069718794,249.6143213680927,0.25,0.25
CASE_2B4681380865,Giannakou,Gianna_LR,3,902.8119866112102,295.8530718954248,25.231848040047264,33.90062633074053,246.95408179837594,0.0,0.3333333333333333
CASE_2B6A24AA5BA2,Heerdt,AH_LG_INV,5,1724.6328138799763,746.5218754604872,41.63776380709679,43.88935666577389,245.12584641711229,0.0,0.0
CASE_2B701DE13747,Tadros,AT_SB_INV,2,1847.024029946524,1438.0665946524064,46.251049318423135,44.89544061769146,244.96885038621508,0.0,0.0
CASE_2BCD69EB295C,Mamtani,AM_EB_INV,3,436.04588496732026,219.8139980986334,12.092763205754904,24.078227202407817,251.04586749851455,0.6666666666666666,0.6666666666666666
CASE_2BDBB74A41D1,Pawloski,KP_LS_INV,4,1890.7679601901366,902.816806892454,46.21656552729759,45.5911737692044,244.6645003267974,0.0,0.0
CASE_2BDF4E007BC6,Moo,TM_BE_INV,5,1953.4515671063577,1193.592755317885,46.9004664324689,47.11700542606046,244.16187752822344,0.0,0.0
CASE_2C39A7C43EF0,Barrio,AB_JSJ_invasive,5,799.4796788116458,302.8019595959596,24.997012776080812,36.269451568668316,244.34901171717175,0.0,0.0
CASE_2CAB85E59999,Mamtani,AM_VA_INV,2,1581.9241524658348,1499.5640009506833,38.91668428957721,43.08690581948083,245.3582200831848,0.0,0.0
CASE_2CB3FC385889,Montagna,GM_IY_DCIS,2,1497.6445866904337,460.6585364230541,36.15941906510124,38.290443014073915,246.78577837195482,0.0,0.0
CASE_2CC755F00643,Goel,NG_TV_invasive,4,1210.8430789661318,130.33020392156862,28.55773281982447,32.16688186725758,248.05379842543078,0.25,0.25
CASE_2CEA59FC56BF,Montagna,GM_JH_INV,2,1498.402570053476,405.7243410576352,44.36062381923961,40.3057797109272,245.4402054070113,0.0,0.0
CASE_2D2C435FB1A7,Barrio,AB_GOH_invasive,2,2419.9492845117843,623.7796191077441,28.68873367825738,39.57930474880255,247.2223896955668,0.0,0.0
CASE_2DA669F940E0,Goel,NG_NF_invasive,4,2206.900957278669,1599.992295662507,53.61074887066661,49.64554826640942,243.02886348781936,0.0,0.0
CASE_2DAEA78A2325,Bayard,SB_KP_invasive_DCIS,3,1446.524756506239,237.8928080808081,48.47747152921818,56.16839078300753,238.80007811447808,0.3333333333333333,0.0
CASE_2DDDF84AD222,Heerdt,AH_JG_INV,4,681.0432187165776,300.651404872252,20.45115626694336,27.115541155526692,249.30782685680333,0.0,0.0
CASE_2DE2CD7EA8D1,Heerdt,AH_HS_INV,7,657.2486983108395,290.31850671420085,23.482659408165244,26.916228398590455,248.44220685850095,0.0,0.14285714285714285
CASE_2DF0380A2F9D,Pawloski,KP_NF_INV,29,1376.7337339643902,511.16183624480095,31.201312050624715,31.665451451054057,247.996457856455,0.0,0.0
CASE_2DF60B644EB4,EL Tamer,MET_MM,2,1324.3357301247772,679.7195745692217,32.13256773063163,36.569238371977434,247.57050570409984,0.0,0.0
CASE_2E16460DF1B7,Plitas,GP_CB_INV,3,2159.386365775401,1948.2397121806296,51.81850646205272,52.202138044236015,242.56372691622104,0.0,0.0
CASE_2E2AA222B4C6,Goel,NG_MS_invasive,3,1756.591349811844,1305.9401107546048,43.687810639262665,45.0985781958992,245.073544939592,0.0,0.0
CASE_2EBE04AC03D6,Capko,DC_SK_invasive,3,1062.7505626480859,436.3535040216985,46.156963102062974,51.56225414860675,241.64214424335952,0.0,0.0
CASE_2ECEA2026F6A,Heerdt,AH_SR_INV,2,1303.2780570409982,702.3289017231135,32.23487929465178,42.57094241283701,245.58625383244208,0.0,0.0
CASE_2ED1F9D32B99,Giannakou,Gianna_DM,3,690.2816282828284,210.5341414141414,19.364652318531157,29.571761901281644,248.874899187958,0.3333333333333333,0.3333333333333333
CASE_2ED4C4915381,Capko,DC_BF_invasive,5,1369.2879929649437,807.127594533571,35.26321290865073,41.1256650617971,246.44971976232918,0.0,0.0
CASE_2EDB12961319,Pawloski,KP_XY_INV,5,901.591001449792,272.5296677361854,30.33506534142209,36.28084000110844,243.9481523469994,0.2,0.2
CASE_2F46EDE50596,Lee,ML_BA_INV,2,1779.092175163399,1420.3307008912657,44.47995080616398,44.03673989220417,245.35113416518124,0.0,0.0
CASE_2F4C46B08E96,Kirstein,LK_LC_INV,1,1900.3524090314916,1900.3524090314916,46.83346553338766,46.97242726249848,243.43728698752227,0.0,0.0
CASE_2F6D20D0F35D,Tadros,AT_NG_INV,2,1281.3597184789066,627.0500078431372,31.430656180134484,41.569750361558626,246.09881390374335,0.0,0.0
CASE_2F8759DBE6A8,Montagna,GM_XM_INV,4,1776.0248069518716,624.7576491978609,43.064128916746675,44.62526662190996,244.09765163398694,0.0,0.0
CASE_306E05801DF4,EL Tamer,MET_MM,5,2291.730302032086,1304.5907118241237,55.59257558777166,50.23916061099784,242.7090469875223,0.0,0.0
CASE_30CAA36A01D9,Plitas,GP_LH_INV,2,1879.3672741532976,1648.004453000594,47.19543525190976,45.52759892912542,244.76173565062388,0.0,0.0
CASE_30E7A4C0B2B2,Lisa Allen,LA_JE_invasive,1,1452.8181563874034,1452.8181563874034,36.42567919567528,42.26189681724956,245.37351669637556,0.0,0.0
CASE_30F36E8394FB,Mamtani,AM_JB_INV,9,1501.445348781937,356.03809768270946,37.194759826778196,39.34415563562649,246.84958752228164,0.0,0.0
CASE_313124A1DAD8,sacchini,VS_BE_INV,7,828.5786857142857,243.1943431966726,25.62590617379551,37.12362830800563,242.2559071555895,0.14285714285714285,0.14285714285714285
CASE_31569A7011BD,Morrow,MM_SZ_INV,3,1650.5425678748268,286.0900106951872,39.394635204210026,45.659731202183764,244.84365082194495,0.3333333333333333,0.0
CASE_3160372298F8,Heerdt,AH_JG_INV,3,605.5266863933452,302.5459051693405,17.816510606208585,25.74730933996396,250.1153944543474,0.0,0.0
CASE_316759A07993,Lee,ML_SB_INV,3,2102.1383897801547,1210.0515465240642,51.769090966217,48.67296442385165,243.30448611606258,0.0,0.0
CASE_3171A2CC63AC,Moo,TM_FS_DCIS,3,701.6251103980986,285.21065026737966,20.722666710736345,30.037689707396837,248.54162852049913,0.3333333333333333,0.3333333333333333
CASE_318906C23F64,EL Tamer,MET_LR,3,909.7855483462072,285.27227641117054,25.62894343566455,33.20861303645797,247.07469744503862,0.3333333333333333,0.3333333333333333
CASE_318EFEF959BE,sacchini,VS_AA_DCIS,5,1170.1741403683898,530.7968743909685,21.13507954963105,26.32565013096096,251.17703743315505,0.0,0.0
CASE_31ECE4FF25C5,Choi,XC_SL_invasive,4,675.5312803327391,223.8572194890077,19.37927018665592,29.758441521531015,248.88859138443257,0.25,0.25
CASE_31EF98444F9A,Mamtani,AM_VG_INV,11,1635.962734057149,566.3169523469994,40.344412316066375,43.37524723414028,245.63005661967264,0.0,0.0
CASE_31F479CD8096,Montagna,GM_JH_INV,4,2352.189502139038,1852.085766607249,57.0237912742613,51.31199615108524,242.25765466428996,0.0,0.0
CASE_3233774F8D5D,Barrio,AB_TB_DCIS,8,4055.2475782508054,2136.726851851852,39.69689341945034,49.00152637785058,244.54947413446055,0.0,0.0
CASE_323E93C6E268,EL Tamer,MET_KS,3,845.9482371162608,203.6673157456922,25.663059355280023,29.847569797375332,247.49353305605072,0.3333333333333333,0.3333333333333333
CASE_329766465919,Kirstein,LK_MK_DCIS,3,1637.2976383442267,1239.211682234106,40.93274509008098,43.58672201112521,245.66588694791048,0.0,0.0
CASE_331523CF671E,Giannakou,Gianna_MM,2,1228.9923175282238,643.5566616755793,29.519403742159895,34.946024661556315,248.4071247177659,0.0,0.0
CASE_33225C6EA5D8,Mamtani,AM_DB_INV,2,616.0528897207367,253.31021081402255,17.905284406664492,27.141757709622546,250.38019780154485,0.5,0.0
CASE_3350AA27F22C,Downs-Canner,SDC_LL_invasive,2,1509.6595158645277,1322.5952960190136,36.892898132696104,41.79217800924899,246.0783568627451,0.0,0.0
CASE_3383F1CD427D,Tadros,AT_MS_INV,3,1134.4148843731432,263.0996470588235,26.149245572349297,32.53140810949636,248.11810647653002,0.3333333333333333,0.3333333333333333
CASE_33BEAB7B5CBD,Heerdt,AH_KB_INV,3,391.95904179045357,240.93614236482472,11.419010929899327,20.950787950684944,251.89740970489206,0.3333333333333333,0.3333333333333333
CASE_33F561E5BBB5,sacchini,VS_AH_INV,3,932.3348055456526,287.44770980392155,27.0573414203794,33.7345924207198,246.48317318280849,0.3333333333333333,0.3333333333333333
CASE_33FFF7A2979B,Plitas,GP_JK_INV,2,1782.7777914438502,1406.8742878193702,44.437255374230915,44.04482752717564,245.35349756387404,0.0,0.0
CASE_3448C6C69602,Giannakou,Gianna_MM,2,688.602002020202,207.5391595959596,19.271998993602946,26.648183883092305,250.37095204991084,0.5,0.5
CASE_345DD6CC9DA2,Choi,XC_CF_invasive,3,443.98299980194105,293.7444030897207,14.761399987231613,24.400916580991947,249.8498430976431,0.0,0.3333333333333333
CASE_3464ABC58F84,Mamtani,AM_EN_INV,5,2357.9390205585264,363.45301437908495,56.67669601905201,48.8451847731817,242.46113506833035,0.0,0.0
CASE_3479197808C6,Mamtani,AM_MS_DCIS,5,1588.4449564824718,187.0800670231729,38.37604380665756,40.620992569067475,245.8260842067736,0.2,0.2
CASE_3487A7B472D7,EL Tamer,MET_GO,9,1789.7023895424836,878.2780152109328,43.927315688532985,44.42544333135648,245.287451614181,0.0,0.0
CASE_349FDE47FA14,Plitas,GP_JK_INV,3,912.3364572786691,382.0272370766488,23.106847809856962,35.444503857996885,248.8164751435928,0.0,0.0
CASE_34BA64E1039C,Choi,XC_SL_invasive,4,2091.5128080213904,1030.442785026738,51.38231581016486,48.01438542603101,243.499761942959,0.0,0.0
CASE_34DCDA43A4AA,sacchini,VS_BG_INV,2,1203.7776314913845,563.5047755199049,29.48236798425072,35.503987924945704,247.932791503268,0.0,0.0
CASE_34ED77332DE7,Plitas,GP_JJ_DCIS,3,670.846388274906,203.40420415923944,20.506768542482472,29.34532653474835,248.35550065359476,0.3333333333333333,0.3333333333333333
CASE_3508BE4F5FF9,Choi,XC_PH_invasive,3,1705.5009863339274,1297.821894949495,42.56209001593459,44.579169094197425,245.30302598534365,0.0,0.0
CASE_35358E745179,Mamtani,AM_EN_INV,7,2154.5881892538832,1352.713503505645,51.44207334857555,49.38190299527984,242.72899826839827,0.0,0.0
CASE_35436132576D,Mamtani,AM_DB_INV,2,2700.67531788473,2165.709975757576,64.83903520693961,56.37882196045191,237.97572798573975,0.0,0.0
CASE_3552163BFA87,Tadros,AT_SL_INV,7,522.9112498769205,293.6147738562091,18.23456101650873,26.54994991416422,247.9337294457177,0.0,0.14285714285714285
CASE_3585A3E739F1,Capko,DC_VM_invasive,3,1496.561683580907,254.8922652406417,37.17686256924841,37.754715526817385,246.96583711626064,0.3333333333333333,0.3333333333333333
CASE_35DAC3BB11EC,Montagna,GM_CD_DCIS,4,673.7776341057635,301.6308306595365,20.84202149942444,26.841770181475983,249.33660380273324,0.0,0.25
CASE_36032860FDCF,Lee,ML_IS_INV,2,1526.2823449792038,1250.5697314319668,36.74997370279935,47.05564475077196,244.21652162804514,0.0,0.0
CASE_3610E4E789CC,Barrio,AB_LU_invasive,2,1672.0923986928105,1065.188255258467,40.51141678980398,41.72043172705828,245.8376769459299,0.0,0.0
CASE_3612DBFC466F,Mamtani,AM_VG_INV,5,832.1114493166964,283.8775614973262,24.549002995864452,31.98621996778386,248.05518775995247,0.2,0.2
CASE_362F0284C9A9,Kirstein,LK_RR_INV,2,1457.4600665478313,172.09153345216873,35.183332100104664,33.053281122961124,247.38610718954249,0.5,0.5
CASE_36357697DCBF,Giannakou,Gianna_SM,2,1708.3158160427806,1526.8699023172906,41.0226437079723,42.61665095847273,246.05871901366606,0.0,0.0
CASE_36614D03D11D,Downs-Canner,SDC_AP_invasive,4,1581.0887201426024,167.63852026143792,25.413499411632166,26.874894052314726,250.45149851455733,0.25,0.25
CASE_3680B80AF437,Morrow,MM_AK_DCIS,2,1625.7007193107547,1473.718362210339,39.22453345564101,42.881498356509454,245.78999465240642,0.0,0.0
CASE_368F00C1E71C,Montagna,GM_YL_INV,5,1287.8130115745691,793.8182070112894,32.023035457940004,44.98628631152529,240.90775391562684,0.0,0.0
CASE_36F386BA167C,Mamtani,AM_ML_INV,5,781.6700470112894,194.8899814616756,22.528575392484235,33.9021202955408,246.412340724896,0.4,0.4
CASE_379AACF80D78,Downs-Canner,SDC_CA_invasive,3,808.7943369380076,227.44772144979203,23.796917382198355,30.31649947264471,247.8138974846504,0.3333333333333333,0.3333333333333333
CASE_37FCC0E4F25D,Kirstein,LK_RR_INV,2,1226.3666120023768,456.4879762329174,29.600091340242358,33.811693792017685,248.48548223410577,0.0,0.0
CASE_386F3DDF8EEA,Capko,DC_AR_DCIS,2,3910.0684887700536,1939.0935448603684,67.50951820157161,54.8822399740076,238.40617296494355,0.0,0.0
CASE_38CC6B8C930A,Tadros,AT_MS_INV,6,1330.5730724103782,208.6751213309566,39.1353676923249,37.125931075020134,243.45259593979006,0.16666666666666666,0.16666666666666666
CASE_38CC90F27562,Pawloski,KP_SA_INV,2,2155.618343672014,2097.3315693404634,52.102817643450486,49.07896780136525,242.8089585858586,0.0,0.0
CASE_391C6076BBFE,Morrow,MM_MA_INV,3,639.3177354723707,290.8326814022579,18.53836760997422,28.193244685344993,249.2744705486235,0.0,0.3333333333333333
CASE_39370D7B38D3,Capko,DC_KO_invasive,2,1009.7319758764111,198.72811431966727,25.16005021180853,30.699919365350617,248.50489156268569,0.5,0.5
CASE_39650A676063,Lisa Allen,LA_AD_invasive,4,1710.2290671420085,685.6650552584671,42.34388149552413,43.59350307314109,245.47209037433154,0.0,0.0
CASE_399B0ABBDA57,Pawloski,KP_LK_INV,4,799.9609925727867,230.4036266191325,22.013799469814305,36.42852909502503,243.40775493166964,0.25,0.25
CASE_39A67E4EA4EE,sacchini,VS_SB_INV2,4,951.4354477124183,282.453535828877,27.870732770976367,32.78986154716211,246.5117386809269,0.25,0.25
CASE_39B78ED75356,Kirstein,LK_LC_INV,2,1092.5053553178848,398.8812064171123,27.103458946212047,33.71735556582007,248.11060409982173,0.0,0.0
CASE_39DE92AA97FE,Downs-Canner,SDC_SC_invasive,2,1299.932087225193,505.2727001782531,31.738367689553996,35.38156460427939,247.69591574569222,0.0,0.0
CASE_3A0A912A045C,Tadros,AT_MB_INV,3,744.6426631808278,301.34636434937613,20.436787375443046,28.721814639351454,249.13391269558326,0.0,0.3333333333333333
CASE_3A558D73A7CB,Capko,DC_KO_invasive,2,966.7376105763518,155.69651313131314,23.91613403616157,29.187638634828957,249.03494349376112,0.5,0.5
CASE_3A89B65F87C3,sacchini,VS_BG_INV,2,1197.1188049910875,366.8032057040998,28.439541359148073,33.31278579995677,248.1420733808675,0.0,0.0
CASE_3A9F6B0279F2,Lisa Allen,LA_KW_invasive,3,1437.3253872053872,234.94178134284016,35.81702515089939,36.877089147473164,247.25042970885326,0.3333333333333333,0.3333333333333333
CASE_3AA957A9DAA2,Montagna,GM_TD_INV,2,1313.9912867498513,461.51335710041593,29.763821537820945,34.60630282611604,247.34059221628044,0.0,0.0
CASE_3AD3D2D12DE1,sacchini,VS_OC_INV,3,609.5762840958605,284.6789121806298,20.360083332437785,44.05069758465222,232.0929313527431,0.3333333333333333,0.3333333333333333
CASE_3B2CC6EA273E,Bayard,SB_RB_invasive,1,2324.2932554713807,2324.2932554713807,83.71026811512108,69.43654104040988,230.44186973905724,0.0,0.0
CASE_3B71099E919B,sacchini,VS_BE_INV,3,652.9229435531788,291.37196743909686,19.551023675249457,25.62097348647823,249.4608954644484,0.0,0.3333333333333333
CASE_3B938C6096F6,Morrow,MM_MA_INV,4,717.6649494949495,291.0231175282234,21.07594035804593,30.109581341921018,248.32181387403446,0.0,0.25
CASE_3BD1A95F2B3E,Lisa Allen,LA_TB_DCIS,3,896.7886567637156,293.12598312537136,27.250050592335175,30.947231160470295,247.3639007328184,0.0,0.3333333333333333
CASE_3BED59BE69DE,Pawloski,KP_NB_INV,3,543.5742670627848,295.54522210338683,15.52667800666272,25.89495735761381,250.47319663299663,0.0,0.3333333333333333
CASE_3C4A37BD8A86,Giannakou,Gianna_SM,2,1403.5599195484256,1239.1111569815805,34.239965490251166,40.32877167207922,246.70347367795603,0.0,0.0
CASE_3C81557E1C48,Moo,TM_MC_INV,10,1733.8005448603683,876.1144922162805,44.485020421005174,44.040544537521974,244.74251244206775,0.0,0.0
CASE_3CA9A1A441C1,Heerdt,AH_CM_INV,5,1236.423235412953,304.7450431372549,36.32299002178978,45.403602584864714,241.03859952465837,0.0,0.2
CASE_3CD2D8AC06C6,Giannakou,Gianna_LE,4,615.4886679144385,202.63390944741533,20.370445614737353,26.70674189717545,249.09635338680926,0.25,0.25
CASE_3CECC1BC9618,Goel,NG_MFB_DCIS,3,1078.916080015845,308.8552042780749,29.77631824754482,35.62562040919952,245.67063850267382,0.0,0.0
CASE_3D3C824DABD0,Lisa Allen,LA_AN_invasvive,4,1139.8099270944742,193.55679572192517,28.461742565539808,34.49297907438031,248.50351815210934,0.25,0.25
CASE_3D42551AF749,Barrio,AB_KM_invasive,6,773.9960170128983,251.8127644252937,28.43164200400619,31.78764881518236,249.29409063630132,0.16666666666666666,0.0
CASE_3D4273C10ECF,EL Tamer,MET_DM,6,1508.9603112695584,1212.8188097445038,39.60542298093898,41.85509431489284,245.97910116854823,0.0,0.0
CASE_3D898A28A7D5,sacchini,VS_RR_INV,2,2107.748092335116,1885.2036705882356,44.95558286097414,48.856679942139515,240.80948764111707,0.0,0.0
CASE_3DB20B0CE5B9,Lee,ML_MC_INV,4,1526.1222011289362,370.6165166963755,35.963330455114246,37.63273144991922,245.19668642305408,0.0,0.0
CASE_3DE20B8180D8,Barrio,AB_CB_invasive,2,1235.8436539512777,463.6989238265003,30.107936188845056,35.351771323193276,247.67508033273916,0.0,0.0
CASE_3DF8647A20BF,Morrow,MM_AM_INV,3,1891.305547791642,1381.784475103981,46.81233200113808,46.643342192224544,244.37681283422464,0.0,0.0
CASE_3E466D2DBA56,Heerdt,AH_SR_INV,8,1371.8527964943553,543.0634421865716,23.959197566796558,27.38054909019133,250.9851210487225,0.0,0.0
CASE_3EF531616E72,Barrio,AB_KH_invasive,6,379.24022137612627,60.62672423050905,18.5257897804887,36.391365354239305,244.05884978300034,0.5,0.0
CASE_3F0EBA6449E8,Choi,XC_PH_invasive,3,1629.5431086551791,603.2422588235294,39.30255284529451,39.203445989269895,246.44798225391165,0.0,0.0
CASE_3F8421C538ED,Plitas,GP_MC2_INV,4,1728.3065270350564,471.6155458110517,42.50460043445002,42.7291331926668,245.44506426024955,0.0,0.0
CASE_3F95C3B38FA1,Kirstein,LK_RR_INV,5,1448.2237935591206,400.7347574569222,30.249916350451496,32.77111851870221,248.81615118241234,0.0,0.0
CASE_3FC6D3E80BB8,Capko,DC_VM_invasive,3,1352.0919919984156,1145.9550830659537,33.85608432490722,39.88487333445584,247.2297897801545,0.0,0.0
CASE_3FF41A93BD02,Lee,ML_IS_INV,3,1876.7105670825904,1203.141586215092,46.39423065647284,46.33129764334122,244.47958661121015,0.0,0.0
CASE_402AA14D09EC,Heerdt,AH_CM_INV,3,795.9265063180828,304.5428002376708,22.2900742785972,29.634625457605623,248.5754385026738,0.0,0.3333333333333333
CASE_403D06AECF34,Morrow,MM_GB_INV,8,1185.7819937611407,286.0624019013666,45.49775514546722,50.55325453580876,240.90547133095663,0.125,0.0
CASE_40657639C146,Lee,ML_MM_INV,2,885.8318625074272,184.18975210932857,22.0919533360397,29.393813569708445,249.17259667260845,0.5,0.5
CASE_407CC2EF91F6,Montagna,GM_CD_DCIS,7,686.0193398183517,300.45877076648844,20.739587499775542,27.69196113544547,248.97842079619727,0.0,0.14285714285714285
CASE_41045DCB3CF6,Tadros,AT_MA_INV,2,4286.750909090909,3095.3754545454544,45.03865429451727,46.33778321897957,246.2634393939394,0.0,0.0
CASE_4145D992313C,Moo,TM_IA_INV,4,1255.4315300653595,271.3940734402852,28.371127479307024,33.32635568386115,247.92482436125965,0.25,0.25
CASE_4151888A0992,Goel,NG_LCB_invasive,3,710.2363863735394,299.02549875222815,23.412945591039446,28.95947057742326,246.27832850069322,0.0,0.0
CASE_4172B14AF0F9,Montagna,GM_AD_INV,5,1736.021433392751,347.4164487225193,29.589356294048763,30.42406943544384,250.0493395365419,0.0,0.0
CASE_419E62A22394,Heerdt,AH_MH_INV,5,485.4829263933452,243.6200482471777,13.845520668391966,21.197149539274044,251.83344278074864,0.2,0.4
CASE_41AB8F7C2BE0,Moo,TM_DB_INV,3,568.6600529213705,296.38775282234104,18.520125626200823,28.035843522102336,248.4024438898792,0.0,0.3333333333333333
CASE_41BBA2BBA4C6,EL Tamer,MET_OR,3,886.0322917805507,287.47536922162806,24.587490576801105,33.489761296736894,247.14768663101606,0.3333333333333333,0.3333333333333333
CASE_41DE551E9EC6,Morrow,MM_GB_INV,5,1793.7797222578727,815.0112142602495,43.357208086119364,43.18431127136976,242.5378931431967,0.0,0.0
CASE_420A9F934657,Heerdt,AH_JG_INV,3,617.6044194097841,302.2828762923351,18.173624974783188,25.828495802448476,250.03427918399686,0.0,0.0
CASE_42144997CDCF,Moo,TM_FS_DCIS,3,752.0660813626461,284.3110766488414,22.0886681171789,28.67544243097699,248.69182780748665,0.3333333333333333,0.3333333333333333
CASE_4239BE78CBEB,EL Tamer,MET_OR,4,643.1411094474154,287.26712061794416,18.579715252736314,28.95741214071304,248.98403119429588,0.25,0.25
CASE_4261703F8416,Kirstein,LK_MK_DCIS,2,1410.8847276292336,529.9270923351158,33.98056800538757,36.13807353641607,247.61790433749258,0.0,0.0
CASE_4271D8C51469,Downs-Canner,SDC_LR_invasive,4,1220.9202529411764,291.2622863933452,30.52659005029446,36.7517558925946,248.0440719845514,0.0,0.0
CASE_4344E213B1B9,Lisa Allen,LA_JE_invasive,2,1487.8320455139633,950.1077276292336,36.25285991330156,40.33241625966757,246.41139738562092,0.0,0.0
CASE_43823B6D4592,sacchini,VS_BG_INV,3,1136.6379173910227,922.4384356320126,42.751313653729376,42.77578135260916,244.91477944147357,0.0,0.0
CASE_4399BFC5C0A9,Goel,NG_LCB_invasive,6,1446.6962493166964,223.5548781937017,36.4148841504851,40.508349099190625,246.33153685878392,0.16666666666666666,0.16666666666666666
CASE_43D7F2516D52,Lisa Allen,LA_AN_invasvive,2,2336.498700178253,2131.5039149138443,55.722347672951386,48.82674864816269,243.23476333927513,0.0,0.0
CASE_43EE1C751B3B,Downs-Canner,SDC_KS_invasive,3,1758.6503254505842,970.6157031491384,42.03776348038402,46.943953753996006,244.35155353535356,0.0,0.0
CASE_4422217F8C50,Goel,NG_LJ_DCIS,3,1488.7272103782927,382.9894281639929,37.12038665313955,38.46591872707782,246.97805145573383,0.0,0.0
CASE_44818C9BF0EC,Heerdt,AH_CM_INV,2,1092.5353339275105,858.2183605466429,41.19688096696375,48.32980385717932,243.70459203802736,0.0,0.0
CASE_44ABF3352394,Capko,DC_KB_invasive,2,1790.0597082590612,1523.9213960784314,45.11155333744334,44.471495873593454,245.20850861556744,0.0,0.0
CASE_44B739C89C6E,Lee,ML_LS_INV,5,680.9296210576352,237.8724622697564,21.19469025614558,27.257359858304376,248.62118847296497,0.4,0.4
CASE_44D78CE25FB3,Mamtani,AM_EN_INV,2,1593.4129240641712,1568.9807177658945,38.76536243312039,43.23343749308387,245.48797142008317,0.0,0.0
CASE_44E49F34DB79,Montagna,GM_MP_INV,4,1940.9873500891267,1354.663748781937,47.52470315486471,46.97644531627694,244.31753897801545,0.0,0.0
CASE_44F49C2F1971,Capko,DC_CM_invasive,4,260.15769393939394,156.19053642305408,8.504869525419318,17.849371397818153,252.45857251931076,0.5,0.5
CASE_4505E012BDB1,Tadros,AT_MS_INV,4,1212.1645069518718,525.7950726084373,30.629794814303693,37.2329357136756,248.0195029114676,0.0,0.0
CASE_454841E85B01,EL Tamer,MET_KS,3,707.1489269162208,202.67926488413548,20.95395109247285,27.94797590006449,248.83774921766687,0.3333333333333333,0.3333333333333333
CASE_455203C68787,Goel,NG_LH_invasive,2,932.1014829471183,406.3885176470589,23.34422351748662,30.24734711501437,249.45456399286988,0.0,0.0
CASE_456598E80071,Bayard,SB_SS_invasive,2,1711.6456841354725,1404.5070885323826,33.60362769325724,36.43117212908713,248.01289387997625,0.0,0.0
CASE_45FB63E94898,Lee,ML_LS_INV,2,648.7960772430184,371.6043339275104,18.439054337768997,33.00665940519477,247.96339417706474,0.0,0.0
CASE_4608D9BEBFF2,Montagna,GM_YL_INV,2,1437.8444153297683,1113.656268805704,35.7570964619851,44.8581524354214,245.53883398692813,0.0,0.0
CASE_460ACFDBC985,Giannakou,Gianna_LM,8,898.1025000594177,295.1487322638146,32.00737773954408,32.838577045253224,245.0001425282234,0.0,0.125
CASE_4618D70967F5,Downs-Canner,SDC_DG_DCIS,2,863.5839825311944,546.8577822935234,30.082807130210035,40.63467477174039,246.9055101604278,0.0,0.0
CASE_465A38CF1023,Pawloski,KP_NB_INV,4,1827.216134818776,877.31634533571,44.976714069592916,45.30004304081817,244.8334942364825,0.0,0.0
CASE_469C4A92E27A,Capko,DC_JL_invasive,6,187.15297119668722,0.8987654765537971,8.924150512319313,18.52097362446626,249.41720554208655,0.6666666666666666,0.5
CASE_46B81125B53F,Choi,XC_ED_DCIS,2,1754.4418098633391,1493.1644197266785,43.06093753399662,42.919786061105796,245.2838604278075,0.0,0.0
CASE_46DAD77BC116,Lee,ML_BA_INV,3,724.1446622301446,307.3013822935235,20.808976995446788,28.628889361820157,249.05635064369184,0.0,0.0
CASE_4734BF62AD8C,Downs-Canner,SDC_CA_invasive,1,1237.9386412358883,1237.9386412358883,30.746249788567845,37.41065651122718,247.11517825311944,0.0,0.0
CASE_477B13FEAEEA,Montagna,GM_CD_DCIS,15,1110.0409699187958,295.0023441473559,36.40565866068035,50.132854473525164,234.44009794414737,0.0,0.06666666666666667
CASE_47CFF0FEF852,Choi,XC_ED_DCIS,4,1791.18861010101,1043.6290609625669,43.148384291126746,42.83002037571901,245.62290644682113,0.0,0.0
CASE_47F7619CC214,Heerdt,AH_SR_INV,5,1810.6753780154486,836.5396691622103,43.718237171256604,45.337352460308296,244.7599940106952,0.0,0.0
CASE_485825FC921D,Montagna,GM_XM_INV,3,1331.917233986928,289.6819296494355,30.274042791346606,34.893836486193216,246.93927858981974,0.0,0.3333333333333333
CASE_4877A6DB5B00,Kirstein,LK_SW_INV,3,1010.6355138839375,282.3447612596554,31.456892541265237,32.781067090188834,245.82712545058428,0.3333333333333333,0.3333333333333333
CASE_48BA6FC758D0,Lisa Allen,LA_KM_DCIS,7,1024.5593813428402,675.7874502673797,43.67242337733551,49.993419717753056,243.07832425091246,0.0,0.0
CASE_48C0B381026E,Lee,ML_IS_INV,2,1704.8700110516934,1162.527290314914,41.90362648461023,48.01216866992877,243.1419027926322,0.0,0.0
CASE_48F7E3FCA015,Morrow,MM_KD_INV,2,2286.6256385026736,2242.5769837195485,54.59064295631223,48.711377167855304,243.34014872251933,0.0,0.0
CASE_4907ED1C00B6,Lisa Allen,LA_DL_invasive,4,1609.658796969697,309.51012144979205,39.98473684633551,41.02128791903783,245.94008039215686,0.0,0.0
CASE_4910481F1813,Lee,ML_DG_INV,2,2474.7875641117053,2451.539843137255,53.44301943602936,45.84089323013204,243.91613975044567,0.0,0.0
CASE_492D49B3D42E,Mamtani,AM_JH_INV,4,1004.5941483660131,388.6856603683898,23.456338841252766,29.66086811061449,248.9824862150921,0.0,0.0
CASE_493D895A7AFA,sacchini,VS_PD_INV,6,1913.9060518914637,564.7268796197267,45.380700613323285,43.283485670148146,245.6696486432957,0.0,0.0
CASE_494D0F434133,Morrow,MM_MM_INV,3,1639.0435245791248,1287.8625827688652,40.815011959088984,43.78410748455487,245.6940043969103,0.0,0.0
CASE_494E4878497A,Lee,ML_SB_INV,2,1363.0503166963754,923.7590127153892,33.08175118482535,38.121182897758416,247.3978906714201,0.0,0.0
CASE_49885CC4B650,Moo,TM_BE_INV,2,2125.721033511586,2048.835353535353,51.096974862396735,47.672689919907825,243.6819878193702,0.0,0.0
CASE_49934488BA76,Moo,TM_BE_INV,5,1836.284488888889,383.2255553178848,35.60420335374373,34.550772037555745,248.4349799643494,0.0,0.0
CASE_499E8338AA56,Lee,ML_WY_INV,3,619.4620559318678,229.0440772430184,20.252493781728774,30.21142551101686,246.8516079619727,0.3333333333333333,0.3333333333333333
CASE_49EBDD0F9C5D,Pawloski,KP_AM_INV,2,1340.421845751634,600.2513623291741,32.32034010355692,43.10000887897178,245.9223250148544,0.0,0.0
CASE_49ED17C7A657,Goel,NG_MFB_DCIS,11,702.6477359909253,284.51689007724303,20.77872607493876,27.865667388839896,249.0535865499919,0.18181818181818182,0.0
CASE_49F9AF4C9EC2,Lee,ML_NT_DCIS,4,857.0130685086156,306.69765181224005,24.840651375132385,31.371241754900172,247.29424768270945,0.0,0.0
CASE_4A9498596A71,sacchini,VS_BG_INV,1,1928.2604475341648,1928.2604475341648,48.350159713910216,51.30764886614586,242.5128304218657,0.0,0.0
CASE_4A9D3920ED12,Capko,DC_AR_DCIS,19,922.4433487569189,95.48935852644088,25.670543030950107,30.9751868009244,249.55696127216436,0.21052631578947367,0.05263157894736842
CASE_4ABE5D65E20D,Moo,TM_EU_INV,5,1508.6324737254904,301.0486027332145,36.295958484877495,40.72642140640251,246.55251512774808,0.0,0.0
CASE_4ABED98D54FA,Lisa Allen,LA_KW_invasive,2,1212.9488742532942,515.1571169152074,39.45230842402103,41.21285168291296,245.8148065359477,0.0,0.0
CASE_4AC6E0FE9175,Lisa Allen,LA_AD_invasive,2,1285.0762743909686,702.2129606654784,31.39334677155486,37.07502099092662,247.53712917409388,0.0,0.0
CASE_4AC990ED0309,Tadros,AT_NG_INV,4,1823.9073894236483,675.0664629827688,44.725388526975145,44.46472270941811,244.95447608437314,0.0,0.0
CASE_4B0A4E82B33C,Bayard,SB_FR_invasive_DCIS,5,1663.3278232367563,469.8158770769382,58.61721387564122,60.68159668268173,234.7649282252221,0.0,0.0
CASE_4B186F91E2B7,Montagna,GM_TD_INV,1,1345.606169221628,1345.606169221628,46.309230598144765,48.30568142863845,243.50885300059417,0.0,0.0
CASE_4B2E5E93CA34,Kirstein,LK_LC_INV,4,1239.2882300653596,873.7408727272727,31.477113729570146,42.0266964517555,243.32631859774213,0.0,0.0
CASE_4B4238FFFE0C,Giannakou,Gianna_LM,5,860.0649146999406,278.1176953060012,27.85576912600256,34.27950144156608,245.77161865715985,0.2,0.2
CASE_4B6960DA2026,Lisa Allen,LA_KW_invasive,7,1324.7454077903453,602.2238810269127,44.3423777070549,59.316153074243985,238.07127082590614,0.0,0.0
CASE_4BADC042E35B,sacchini,VS_OC_INV,4,523.3487820558527,282.3549704099822,18.272183026458002,45.69980444460498,236.44248134284015,0.25,0.25
CASE_4BE64FAA7FEB,Kirstein,LK_AB_INV,5,466.0627164824717,229.4206386215092,17.053136297784796,24.174554836706513,248.08379327391563,0.2,0.4
CASE_4C4EFE67494F,Bayard,SB_SS_invasive,2,1752.1420045157456,1413.5859695781344,44.31084258512117,43.91321293679603,245.39519239453358,0.0,0.0
CASE_4C51F9748A81,Montagna,GM_TD_INV,3,1774.4886272925332,473.9914329174094,44.40189409245857,40.459742703317374,245.4070706278471,0.0,0.0
CASE_4C5F26AE7624,Pawloski,KP_MM_INV,2,1315.5869288175877,664.9040076054664,34.13563915313375,36.41173097839017,247.75492869875225,0.0,0.0
CASE_4C6743AFF402,Downs-Canner,SDC_VS_invasive,2,1620.5463035056448,1316.8746053475936,39.73481504637012,46.190324155053716,244.155431372549,0.0,0.0
CASE_4C799C81A756,Mamtani,AM_MS_DCIS,3,369.34963517528223,275.3986690433749,14.826948272497402,26.841448122678486,248.4106061794415,0.3333333333333333,0.3333333333333333
CASE_4C89F81DC8B4,Mamtani,AM_VA_INV,3,2080.795634620717,550.0454899584076,49.98456114786009,45.01967488560832,243.48533971083384,0.0,0.0
CASE_4C92ADB977F5,Goel,NG_LCB_invasive,5,1629.3066328223408,1159.4590816399286,40.98489563860176,44.42291774638854,245.23491693404634,0.0,0.0
CASE_4C967971252F,Plitas,GP_CB_INV,2,1200.9603751633986,479.5283427213309,29.552728186935887,41.24979577008013,246.1318320261438,0.0,0.0
CASE_4D02F0FC0C1B,Mamtani,AM_VA_INV,2,1746.6159606654783,1607.382977540107,42.24941679665181,44.638088423071856,244.8178062388592,0.0,0.0
CASE_4D0F5ED5ADAB,Barrio,AB_TB_DCIS,1,1241.8153893097642,1241.8153893097642,45.05872756211696,51.5083199152142,242.1213725215114,0.0,0.0
CASE_4D199F89ADE2,Kirstein,LK_DF_INV,2,1789.6896076054663,1426.545333808675,44.90257569475162,44.244497816759186,245.252760724896,0.0,0.0
CASE_4D1E5E12F035,Goel,NG_MS_invasive,16,845.1069016488414,254.3354835412953,24.085463587440017,34.52710814739074,246.99053009506832,0.0625,0.0625
CASE_4D281868769F,Mamtani,AM_EN_INV,4,1684.7926998811645,260.78553725490195,36.83919067643968,37.10453111886363,247.2142012774807,0.25,0.25
CASE_4DB024426972,Mamtani,AM_ML_INV,3,859.0350555753615,274.2802930481283,25.233058346767493,45.63318817091005,239.71336094276094,0.3333333333333333,0.3333333333333333
CASE_4DD845C7801A,Giannakou,Gianna_SM,3,1550.5519344028519,487.47901057635175,37.05939922257364,38.41740729936055,247.1281047336106,0.0,0.0
CASE_4E4E4F78FABD,Giannakou,Gianna_LE,3,587.3709329372153,204.30927961972668,19.191139443577903,25.61863510171963,249.50161536938006,0.3333333333333333,0.3333333333333333
CASE_4E952EADB432,Mamtani,AM_JH_INV,5,276.5308973499703,122.5208439691028,8.242401634502297,25.125790603428808,247.9912016399287,0.6,0.6
CASE_4EFB30E74725,EL Tamer,MET_HH,3,1121.111022459893,287.9385568627451,31.10951792060629,36.68438148687701,245.06961410180233,0.3333333333333333,0.3333333333333333
CASE_4EFBC3A20178,EL Tamer,MET_KS,2,796.0433250148544,759.4621335710042,28.624211168950165,35.15738249643217,245.35557973856208,0.0,0.0
CASE_4F084F5CD953,Morrow,MM_GB_INV,3,1554.5134255496139,342.96807201426026,37.27976111194228,37.99490486986905,246.9375679540503,0.0,0.0
CASE_4F0D7FBB7AD6,EL Tamer,MET_MW,5,1588.3791672964944,365.2946043969103,27.58134024893845,29.67260367275835,250.28241739750447,0.0,0.0
CASE_4F976C99BD85,Kirstein,LK_LC_INV,2,1077.7169225193109,398.64305882352943,26.593558050800205,33.4814687332573,248.25602293523474,0.0,0.0
CASE_4FA3935E5FEB,Montagna,GM_PP_INV,2,2024.216728342246,1787.6361734997029,47.976064592651824,45.39602084874609,244.86062893642307,0.0,0.0
CASE_4FC004D2103A,Mamtani,AM_JB_INV,23,1229.746625776951,346.05072632204394,30.422155193769324,36.48574553413528,248.36343540261956,0.0,0.0
CASE_4FC1777F372F,Choi,XC_CH_invasive,2,1780.2826634581106,1094.8884209150326,42.77643353009527,42.65610554740679,245.60329405822932,0.0,0.0
CASE_4FD34E298E5D,Kirstein,LK_SW_INV,6,1309.906645395128,308.19299370172314,32.50193057644728,38.23213790035476,245.62135339671224,0.0,0.0
CASE_4FD7C5448D1E,Giannakou,Gianna_LM,3,910.6416087145968,299.3703550802139,29.41862705957214,34.20006396235985,244.5383227965934,0.0,0.0
CASE_4FDD5C90DF89,Choi,XC_CF_invasive,3,755.39590889285,223.19388544266192,22.679500278686103,29.492190806040657,248.30185965537729,0.3333333333333333,0.3333333333333333
CASE_4FF92BB02992,Montagna,GM_AD_INV,5,1767.9018812121212,607.422511942959,42.65695792934014,44.60539816176187,244.70069996434935,0.0,0.0
CASE_5044A2F3F950,Moo,TM_FS_DCIS,3,745.0202834620717,282.9399365418895,21.90723893580783,28.56244257696493,248.73869110714995,0.3333333333333333,0.3333333333333333
CASE_506D0002517C,Downs-Canner,SDC_LR_invasive,2,893.7311483065954,397.4408297088533,24.64327544510549,31.26188118197735,247.9189138443256,0.0,0.0
CASE_50754B082ED1,Mamtani,AM_VA_INV,2,1249.0779146761736,931.7068653594772,30.678856622314647,37.6823134222308,247.48520623885918,0.0,0.0
CASE_50BCA7CB9739,Moo,TM_WA_INV,2,1001.7051013666073,356.5758141414141,30.678338542218995,33.57360832447841,245.56171812240046,0.0,0.0
CASE_50C5FCA1A3A4,Choi,XC_BN_invasive,2,645.3389088532383,508.7654830659537,17.805686219553166,28.60278772235342,248.48743434343436,0.0,0.0
CASE_50D2738395FD,sacchini,VS_SB_INV2,5,842.5965336185384,210.20422174688056,27.051783626486547,31.1429904845904,246.48611443850268,0.2,0.2
CASE_50E97B260B9C,Heerdt,AH_AE_INV,3,1016.0619482669836,291.4783239453357,28.143133391221948,34.51862225254658,246.32388682907506,0.0,0.3333333333333333
CASE_50EF4EC4F2F8,Lee,ML_BA_INV,2,3805.7993711110976,3057.763772049886,69.40195517099122,62.19841565142262,234.99509013666074,0.0,0.0
CASE_5103D2B234EB,sacchini,VS_AA_DCIS,3,1621.8173159041396,1208.8166250742722,40.639974923133025,43.730267317718244,245.67063715587244,0.0,0.0
CASE_510407730D50,Bayard,SB_RB_invasive,2,1000.787976875234,604.2463379161991,44.11634959197491,52.9340486569276,241.30721456462777,0.0,0.0
CASE_51DF3E0FFCBB,Montagna,GM_TD_INV,6,1938.7228580709052,1043.646006892454,46.91779230869242,46.44700076380703,244.4686430580313,0.0,0.0
CASE_522BEB8AF73F,Pawloski,KP_SA_INV,2,1432.3536488413547,1093.8288484848483,34.649382691970345,39.78216864462599,246.85925828877004,0.0,0.0
CASE_526E0E6FBE65,Moo,TM_DM_INV,5,239.43781195484252,182.85294830659532,14.91346513774919,25.183712381021984,250.99933283422462,0.8,0.0
CASE_5299BC9AEA1D,sacchini,VS_BG_INV,2,1668.4277702911468,1412.8810217468806,40.45843457636867,43.25151657730918,245.53376619132501,0.0,0.0
CASE_52A2299B5046,Heerdt,AH_SR_INV,2,1481.4201193107547,756.6393796791444,36.3307496407695,45.02565385850349,244.36508306595363,0.0,0.0
CASE_52A7912DF6E3,Lisa Allen,LA_AD_invasive,2,1788.495374688057,1437.0433288175875,44.65523126163279,44.134910940105996,245.3172134878194,0.0,0.0
CASE_52F83BC2B142,Kirstein,LK_JR_DCIS,2,1309.4569197860963,230.7841376114082,31.768626668336143,32.80782993944766,247.89494896019013,0.5,0.5
CASE_5327AAADA418,Morrow,MM_AK_DCIS,4,1789.9663690433752,773.7486588235295,43.97356190117893,44.3932840696582,245.09148407605466,0.0,0.0
CASE_533FA20042E3,Goel,NG_TV_invasive,3,1245.1152152901566,277.61047748068927,30.696222506687548,41.617663739477386,246.07725014854427,0.3333333333333333,0.0
CASE_53857E596A9D,Mamtani,AM_ML_INV,2,782.4618814022579,329.00941390374334,22.37868405373539,33.904177308996125,246.80130754604872,0.0,0.0
CASE_53938D1F1CEF,Pawloski,KP_SA_INV,2,1428.3753237076648,1260.2348522875816,35.04756746532298,40.802168140772324,246.55443761140822,0.0,0.0
CASE_53E138CC9EF6,Goel,NG_LC_invasive,12,1430.33463073876,208.23427023172903,36.42933719543566,41.17806098034704,246.2174165181224,0.08333333333333333,0.08333333333333333
CASE_53E8D18130B8,Montagna,GM_MP_INV,2,1594.2113215686275,1072.4684672608437,38.6100717371338,41.77027766487182,245.94596375519905,0.0,0.0
CASE_53EEA0ABF502,Giannakou,Gianna_SM,2,1752.8811910873442,1531.3904130718954,42.18920349473774,43.461719080923146,245.5480385620915,0.0,0.0
CASE_53F24A500EA2,Giannakou,Gianna_LE,3,466.28539449395925,204.0135855020796,14.534118760060151,23.24623529034379,250.8407776985542,0.3333333333333333,0.3333333333333333
CASE_5426E87C3F20,Bayard,SB_LD_invasive,4,2046.2127063576945,677.721350207962,50.039411394891204,46.653377902667025,243.77050956625075,0.0,0.0
CASE_5471394DA32D,Plitas,GP_MC2_INV,3,782.7527927906516,230.1436152109329,21.876511255171383,31.729440346183207,247.88592881758765,0.3333333333333333,0.3333333333333333
CASE_54B8A2C8FD5D,Tadros,AT_RW_INV,2,1723.969557100416,1623.6399610219846,42.70625207072534,48.70209972195222,243.82800885323826,0.0,0.0
CASE_5538DC3B770D,Morrow,MM_SB_INV,4,1884.5161496732028,1085.638887462864,45.13884937089353,44.51761518008345,243.91677950089127,0.0,0.0
CASE_55635386F902,Choi,XC_PH_invasive,4,1875.9374381461676,1041.0775995246584,44.95184847974885,43.405893331373306,245.36862222222223,0.0,0.0
CASE_5568A7B23D47,EL Tamer,MET_MW,2,1223.7284421865716,554.1404266191325,30.00680333782929,35.18918010310172,247.9414660130719,0.0,0.0
CASE_558E6B8291EE,Heerdt,AH_NF_INV,4,1893.7536802139039,1375.471587878788,45.12502827856026,43.80127519429414,245.5832886809269,0.0,0.0
CASE_55AF5D029354,Moo,TM_KE_INV,3,1182.0410480491187,304.95583814616754,34.7187810555069,39.71504511423611,242.22255195088135,0.0,0.3333333333333333
CASE_55C2B1B90890,EL Tamer,MET_MW,2,1379.739491859774,518.3795462863933,33.7935621593086,37.34664106190309,246.9055093285799,0.0,0.0
CASE_55C80C0A05EC,Mamtani,AM_EN_INV,3,1390.8224716973657,330.3261549613785,33.72958929741019,36.148774398384965,247.2851534165181,0.0,0.0
CASE_55C9B5552CC4,Montagna,GM_XM_INV,4,707.167588057041,283.8606892453951,20.71914205915356,28.10790976615801,249.06081616161617,0.25,0.25
CASE_55E771E5A64B,Giannakou,Gianna_KW,5,1951.7806301128937,161.4264185383244,47.3061898541607,44.112271554708,244.4576660962567,0.2,0.2
CASE_55EA6D07997D,Plitas,GP_JJ_DCIS,4,696.5923481283422,221.71188734402853,20.51511505192438,29.189938196854364,248.09232774806893,0.5,0.5
CASE_56168AA9CBCF,sacchini,VS_BE_INV,5,1979.3090846821153,243.00385193107547,48.15193360218806,45.10967363677005,244.26857480689245,0.2,0.2
CASE_562A7A71585F,Kirstein,LK_RR_INV,1,1373.2122326797385,1373.2122326797385,34.1985626087683,40.06120628514862,246.3241102792632,0.0,0.0
CASE_565861BC6945,Bayard,SB_DP_invasive,5,1502.4221048603683,1010.5935103980986,38.19698079415638,42.9144917965901,245.82918096256685,0.0,0.0
CASE_5669F2280A5D,EL Tamer,MET_GO,4,1461.919036838978,250.5967541295306,36.20639691056405,37.809652479803674,247.18399307783721,0.25,0.25
CASE_5691E0974BBF,Moo,TM_IA_INV,5,660.8666428045158,285.7263541295306,25.78068642267622,32.974657010531324,243.3033925371361,0.2,0.2
CASE_56F09F5FFFF0,Giannakou,Gianna_SM,2,1402.9474376708258,1237.4319593582889,34.23339448006913,40.333388853902875,246.6993368983957,0.0,0.0
CASE_575F218A86D4,EL Tamer,MET_AP,3,729.018005070311,282.06946452762924,22.257399674410212,30.59780372894213,247.9967796395326,0.3333333333333333,0.3333333333333333
CASE_57F91EFDB975,Choi,XC_KAG_DCIS,4,1658.9718962566844,257.1145292929293,41.00213934348627,39.7621907177728,246.19673312537137,0.25,0.25
CASE_58C98A6657F2,Montagna,GM_TD_INV,7,1307.2919117222646,803.0981758764111,33.19428392661743,46.46999169033824,243.76632576181987,0.0,0.0
CASE_58D24F0FC090,Kirstein,LK_JR_DCIS,4,1494.424420023767,155.62886345811052,37.155868466489586,38.452534221972016,246.5636225490196,0.25,0.25
CASE_58DF978DAEB6,Downs-Canner,SDC_DG_DCIS,2,973.455418419489,602.532884610814,35.659344736736905,45.05148169687474,245.08661253713606,0.0,0.0
CASE_590CC206ACAB,Heerdt,AH_SR_INV,2,1618.69227486631,679.8262797385621,39.10774258887488,49.47990000358699,243.11909197860962,0.0,0.0
CASE_590F84FDE8F7,Tadros,AT_NG_INV,2,1722.0884957813428,1456.4060482471778,41.61777730091583,48.48178210134698,243.46084800950683,0.0,0.0
CASE_596542D1A6EF,Capko,DC_SK_invasive,1,2272.397653238265,2272.397653238265,52.59337578201031,52.80528116252584,240.73308199643492,0.0,0.0
CASE_59671414A8CB,Kirstein,LK_MK_DCIS,4,886.8581459893048,285.05273321449795,24.59960742661036,31.922610276409312,247.46500463458113,0.25,0.25
CASE_59BE71D5FBA7,Heerdt,AH_AE_INV,5,1733.5416757694595,505.9514728461081,41.79122266369676,43.23777649811886,245.17120033273915,0.0,0.0
CASE_59BFB96FBAFE,Giannakou,Gianna_LM,2,700.7459727866905,270.55022626262627,20.650260993064972,29.411411212140926,248.48320980392157,0.5,0.5
CASE_5A0B41930A8F,Lisa Allen,LA_KM_DCIS,2,1475.6314207961973,495.69042329174096,36.70536195455417,39.660357473481334,246.3200449792038,0.0,0.0
CASE_5A290308EC6F,Heerdt,AH_UD_INV,2,1718.3857626856802,1353.1114792632204,43.076789172901755,43.371680721784415,245.63802602495542,0.0,0.0
CASE_5A42CCF03DE7,Heerdt,AH_CM_INV,3,710.9698925727868,304.88777278669045,19.796980257961412,27.920177413110434,249.40051633986926,0.0,0.3333333333333333
CASE_5A4330F823F5,Bayard,SB_KP_invasive_DCIS,4,1995.2366191325013,401.1199042186572,48.62429689899567,44.86273885935425,244.114902436126,0.0,0.0
CASE_5A6DD3389521,Morrow,MM_HB_INV,4,1660.6928080213904,806.9254571598336,40.308339143667176,41.52046566341009,243.85068060011884,0.0,0.0
CASE_5A86F2E6D478,Lee,ML_SB_INV,3,1584.2904003168944,467.72314818775993,38.00001485511434,39.3686052504377,246.69250314913845,0.0,0.0
CASE_5A8B486EE998,Giannakou,Gianna_LR,5,801.3909691265596,225.60855472370767,24.139452765923547,32.67048169345523,247.28653214497922,0.2,0.2
CASE_5AA585850700,Pawloski,KP_AM_INV,2,1345.5800784313726,611.4771793226381,32.55935263797675,44.65568102143867,245.33198597742128,0.0,0.0
CASE_5ADB4C40283A,Lisa Allen,LA_AN_invasvive,2,1450.5025598336304,1334.873500415924,57.76105415179408,49.30337827613898,242.79327320261436,0.0,0.0
CASE_5AEBF77624BF,Capko,DC_JL_invasive,2,1628.9950490790254,789.7285898989899,39.184783235911965,39.62652735602449,246.5275227569816,0.0,0.0
CASE_5B5707F799C6,Plitas,GP_MC2_INV,3,745.1488555357497,231.3219348781937,21.53967610262681,31.530690567345875,247.78341188354128,0.3333333333333333,0.3333333333333333
CASE_5B797ED33957,Kirstein,LK_MG_INV,3,857.6296058625471,295.8453606654783,25.09186823178469,32.194696081892396,247.26041940978413,0.0,0.3333333333333333
CASE_5B912022DA7F,EL Tamer,MET_GO,2,1074.0090161616163,385.5055122994653,26.026416485329843,31.992665115205156,249.25110409982173,0.0,0.0
CASE_5BA89C9866EB,Capko,DC_JO_invasive,2,1252.1952119575385,548.2729550130939,25.57465646538453,30.67574474768322,249.31548722175458,0.0,0.0
CASE_5BF2FABE907B,Mamtani,AM_VG_INV,5,1189.5364426856802,289.32384670231727,33.78129608950935,38.10138961347877,244.50874217468805,0.0,0.2
CASE_5BFE9078EF17,Montagna,GM_JH_INV,2,1589.6650411170529,1455.795245157457,38.344206217198575,41.55287486896929,246.3341245989305,0.0,0.0
CASE_5C4E6E2BCA27,Heerdt,AH_AE_INV,4,1798.7727083778964,317.53313606654785,44.008187325423116,42.63254405867535,245.13996562685682,0.0,0.0
CASE_5C7E0074D148,Moo,TM_BE_INV,2,1462.8479531788473,667.6517411764706,35.37080218450489,38.26091196834189,246.94930873440285,0.0,0.0
CASE_5C7EFB1F2834,Heerdt,AH_LG_INV,2,1813.2331977421272,1242.9021822935235,43.649517090473665,46.18185938242129,244.06559869281045,0.0,0.0
CASE_5C9F507C0333,Morrow,MM_MM_INV,4,1632.990231788473,812.4200030897207,39.3308214021777,41.365497394649026,244.90793172905526,0.0,0.0
CASE_5CC6C8BCB847,Kirstein,LK_DF_INV,1,1710.89424456328,1710.89424456328,43.180535768513074,43.877502420695485,244.29226690433748,0.0,0.0
CASE_5D238115450E,EL Tamer,MET_GO,10,1738.1178001663695,248.08595103980983,42.97190911150819,44.29427470038279,245.04711828877006,0.1,0.1
CASE_5DB60C7FC752,Downs-Canner,SDC_AP_invasive,2,1870.3786446821155,1831.2753480689248,45.8210554254709,44.67350615546432,244.66763487819372,0.0,0.0
CASE_5DB6F4ADDC94,Lee,ML_MM_INV,2,2004.250951158645,1935.8974847296492,48.521883041352794,47.78540592683453,243.53163149138445,0.0,0.0
CASE_5DDD64595D0E,Kirstein,LK_MG_INV,5,1332.9208047058823,643.6227881164587,33.03891500084103,42.30027921339219,244.172965751634,0.0,0.0
CASE_5DE245083EA3,Pawloski,KP_SR_INV,3,774.4287855813033,294.3897725490196,21.72194506310983,29.779764209245865,248.40091515151516,0.0,0.3333333333333333
CASE_5E24657E518D,Lee,ML_BA_INV,4,3424.9687979487353,2955.991317052836,64.83360005788185,62.5213741294596,235.09633294711824,0.0,0.0
CASE_5E435C511ED0,Kirstein,LK_DF_INV,2,1247.854401782531,1201.043814379085,37.999480958858726,42.01832294892116,246.65663909685085,0.0,0.0
CASE_5E64F1D415C3,Heerdt,AH_MH_INV,5,796.4608679738561,218.86468116458704,24.45539168594471,29.089222822322927,247.96999422459893,0.2,0.2
CASE_5E7208F3BB5B,Lisa Allen,LA_TB_DCIS,2,1821.8690886512181,1496.878465359477,45.93176091781014,44.813892263086146,245.0381366607249,0.0,0.0
CASE_5E9CBBCC43EC,Choi,XC_CF_invasive,2,1813.2678954248368,1540.9689471182412,45.63856513466604,44.70791042880937,245.10680736779557,0.0,0.0
CASE_5E9F8621DDE2,Giannakou,Gianna_KW,5,849.4298697088532,217.7837834818776,26.030281714130826,33.468260805552724,246.75600781937015,0.2,0.2
CASE_5EA5BB54C01D,Choi,XC_ED_DCIS,4,1114.033526737968,232.3067557932264,34.18203125793336,39.22711475653345,243.3017846702317,0.25,0.25
CASE_5EB16A8EE0EC,Mamtani,AM_DB_INV,3,1972.057692929293,1268.2958535947712,49.18077196125383,47.80536015673619,243.78260126757775,0.0,0.0
CASE_5EC25CAC3329,Goel,NG_LH_invasive,2,2568.7776907902553,2556.6993561497325,62.31145350910984,51.59456454035485,241.40772519310758,0.0,0.0
CASE_5ED402C7DF04,Goel,NG_TV_invasive,3,2029.4027642701524,1350.0593725490196,50.38849738276152,48.24260136064026,243.60789245395128,0.0,0.0
CASE_5EF3644ADF60,Goel,NG_LC_invasive,2,1583.2918684491979,589.2508192513369,32.34936801194015,40.51421261729102,246.8812226381462,0.0,0.0
CASE_5F6B5B946D79,Downs-Canner,SDC_AM_invasive,9,1572.8522223542616,277.6807814616756,40.251764327310816,40.81706021821383,246.12493501023306,0.1111111111111111,0.0
CASE_5F73C70F8816,Lee,ML_LT_INV,4,1018.4205684491978,312.5018101010101,25.556874294321503,34.729339887160414,246.85995255496135,0.0,0.0
CASE_5FAD99F0CA30,Mamtani,AM_VG_INV,5,2044.616236197267,1415.4167567439097,50.33486018742415,46.51657206301434,244.30965112299464,0.0,0.0
CASE_5FB5B4CD3A51,Morrow,MM_HB_INV,4,896.3547362448011,300.9542010695187,25.610307836333998,34.97745488070462,246.7023507130125,0.0,0.25
CASE_5FBA11656E0C,sacchini,VS_SB_INV,2,872.130236838978,396.3549475935829,19.800328277465997,26.110933509930682,250.53710796197268,0.0,0.0
CASE_60031E663B62,sacchini,VS_OC_INV,2,628.3344090314914,336.81926298276886,18.805752088619915,25.889211253178082,250.05964812834225,0.0,0.0
CASE_609BDDC421F3,Downs-Canner,SDC_CA_invasive,2,1359.7134298276885,1022.8821069518716,33.542898328205716,39.57500252127859,246.88695199049317,0.0,0.0
CASE_60AB51354D27,Giannakou,Gianna_KW,3,933.1972501485443,217.2184708259061,26.830973726148752,33.30620290583873,246.58756446821153,0.3333333333333333,0.3333333333333333
CASE_60EA5F8A5B0A,Kirstein,LK_JW_INV,4,1587.9748792632204,171.20799572192513,39.243440263526686,39.62747912631796,246.1225874925728,0.25,0.25
CASE_611B3285362F,Capko,DC_KO_invasive,2,915.5707023172905,108.56796387403446,22.73255570313007,27.464336133798536,249.42661729055257,0.5,0.5
CASE_6156F15CE607,Choi,XC_SL_invasive,2,806.4391275103981,678.2849818181818,24.29327883396985,35.13397890581534,248.86740510992274,0.0,0.0
CASE_61585ABC1E4F,Lisa Allen,LA_AD_invasive,3,1953.9716213111508,210.32334711824123,48.37371600990311,44.7369256929052,242.77138078827488,0.3333333333333333,0.3333333333333333
CASE_619D5CA2FC7D,Giannakou,Gianna_MM,4,1413.8570036838978,405.7042711824124,30.265768995918236,33.11808374647916,248.6536617052882,0.0,0.0
CASE_61EF02BBB3DC,Pawloski,KP_LK_INV,6,1539.3711034264213,192.6621863339275,36.962156353007195,40.7983522706254,246.0874284016637,0.16666666666666666,0.16666666666666666
CASE_61F35A2EC70B,Bayard,SB_SS_invasive,2,1037.6971408282118,682.3413554279125,40.720474837935974,47.49718950976364,243.83067205621023,0.0,0.0
CASE_63370708B087,EL Tamer,MET_OR,2,813.6332835412953,361.0170046345811,22.175373908914263,31.50707004130842,248.12820897207365,0.0,0.0
CASE_6363B9DD358B,Plitas,GP_JK_INV,2,889.942227926322,244.75494973262036,22.268731356150077,29.500219147074503,249.33767094474155,0.5,0.5
CASE_638C5BA44F3A,Goel,NG_LJ_DCIS,2,1458.0693190730835,945.3136568033274,35.687872141359925,39.95583068654901,246.58998437314318,0.0,0.0
CASE_63BE6381C3A2,sacchini,VS_ST_INV,2,1298.9040344622697,766.8530452762924,31.743303193018768,37.43874375327814,247.47531342840165,0.0,0.0
CASE_64059191A55A,Lee,ML_LT_INV,2,1762.84106345811,1219.3700171122994,42.55013104023701,43.931647130195536,244.88038983957216,0.0,0.0
CASE_6442CA9D0152,Tadros,AT_SL_INV,3,1427.9803752822338,248.34268924539512,35.45636655771888,36.735477246945656,247.34558059021592,0.3333333333333333,0.3333333333333333
CASE_64466B4D751B,Lee,ML_IS_INV,2,1653.5754531194298,1263.6361471182413,40.001236037156616,46.46303735133199,244.18372887700534,0.0,0.0
CASE_6468339C50D6,Capko,DC_JO_invasive,5,1994.5230102911469,1249.4978640522877,48.57003691633891,47.32017522400101,244.15082545454544,0.0,0.0
CASE_6490B7608191,Capko,DC_VM_invasive,4,2105.836880273321,1115.1144727272726,51.506830884900246,48.24505212905272,243.4856780748663,0.0,0.0
CASE_64B537429E3F,Choi,XC_SL_invasive,2,1060.7440508615568,983.203040285205,31.480458088335375,40.07007405605225,247.16357005347595,0.0,0.0
CASE_64D9966DCA3B,Montagna,GM_JH_INV,9,1366.7797908496732,454.7833898989899,54.330637402492215,54.53912513663009,239.63654537532182,0.0,0.0
CASE_64F45C4EDD5D,Montagna,GM_PP_INV,5,1817.106674890077,652.8745953654189,43.7059062773627,45.355558625223125,243.915754248366,0.0,0.0
CASE_652B2265F82C,Heerdt,AH_LG_INV,3,2084.8260986333926,1240.833913963161,42.61505302354934,39.57604897033165,246.5777744107744,0.0,0.0
CASE_65758D08D57F,Lisa Allen,LA_JE_invasive,2,1817.156805466429,1402.1772979203802,45.426647893385216,44.52224825434288,245.1351450980392,0.0,0.0
CASE_65F57F4BD43D,sacchini,VS_PD_INV,2,1486.3095423648247,1121.6415284610814,36.2066292415283,41.89346258538926,246.48010950683306,0.0,0.0
CASE_6601401CA386,Pawloski,KP_AM_INV,2,1188.7094212715388,340.464501010101,28.953314493432828,42.90641216389383,246.1011707070707,0.0,0.0
CASE_660A51C44BA8,Giannakou,Gianna_DM,2,1002.643806298277,276.67717171717175,29.317662665524495,37.85764746918463,243.58304658348192,0.5,0.0
CASE_663A50E230B6,Lee,ML_LT_INV,2,2046.5463342840167,1298.4749297682708,48.938178199425586,45.19487475633373,244.37414402852053,0.0,0.0
CASE_669AFF94639C,Barrio,AB_JSJ_invasive,2,1348.0041466428997,1115.2011638740344,32.97913789947967,38.114909405072545,247.75943422459892,0.0,0.0
CASE_671EEFBBED09,sacchini,VS_BG_INV,2,1919.1889605466429,1647.662360546643,48.18703794974466,46.015991609427616,244.5438486036839,0.0,0.0
CASE_673C63C360CC,Lee,ML_DG_INV,2,1349.1967907308376,1229.0733723113487,33.191526517546926,38.47552710457371,246.9698797979798,0.0,0.0
CASE_674C286AD003,Goel,NG_JA_invasive,3,2304.4147611804315,1266.8848841354725,55.17321301809316,47.85806499730945,243.13711626064568,0.0,0.0
CASE_677DFA11F0DA,Barrio,AB_GOH_invasive,7,1419.5087641456582,131.20633321449793,36.116251315248746,38.17872585464851,246.93671555895085,0.14285714285714285,0.14285714285714285
CASE_67807BEC5E71,Mamtani,AM_DB_INV,5,1787.585492049911,721.8916506238859,43.25380556106726,45.13567907443907,244.59953017231138,0.0,0.0
CASE_67AF6D393AFE,sacchini,VS_AH_INV,4,1944.706173083779,475.5596377896613,47.81503340741287,44.9636895210428,244.31332712418302,0.0,0.0
CASE_67DF43BE7CF1,Goel,NG_MFB_DCIS,3,688.0914076450782,313.171750207962,19.2762256032248,29.778878455202825,249.0695831253714,0.0,0.0
CASE_6813BB8441AC,Tadros,AT_MS_INV,3,643.6070871855813,277.75428306595364,18.843512638950454,25.397135326821388,250.07830976430978,0.3333333333333333,0.3333333333333333
CASE_6895C9C1C839,Pawloski,KP_XY_INV,6,790.7277938205585,238.8816767676768,29.704863697943466,33.57142749411905,244.0720221231927,0.16666666666666666,0.16666666666666666
CASE_68A6EDCA5953,Tadros,AT_RW_INV,2,1222.576485799168,337.1866486036839,29.8280598370124,42.02792921283992,246.26766013071895,0.0,0.0
CASE_68CD559B48ED,Tadros,AT_NG_INV,2,1224.2371018419487,639.6384004753417,29.953502960811214,42.449888943116505,246.22266339869282,0.0,0.0
CASE_6955F215D7EC,Plitas,GP_MC_INV,2,1809.4758171122994,1433.1303669637553,45.040812896614895,44.325654083554426,245.2248759358289,0.0,0.0
CASE_697315E1BA40,Morrow,MM_MA_INV,4,766.012937254902,295.800043731432,23.641987116681815,29.062677809315716,248.35847947118242,0.0,0.25
CASE_69AD70A82494,Lee,ML_MC_INV,8,860.0157420677363,287.68370005941773,25.931758725728734,30.522186950926322,247.79371112596553,0.125,0.125
CASE_6A0BA24B911D,Choi,XC_KG_invasive,4,2487.254482234106,2272.538439215686,60.4514441830197,53.041324417129694,241.53815537730242,0.0,0.0
CASE_6A43B4068012,Morrow,MM_AM_INV,1,1252.2695565062388,1252.2695565062388,31.76608016640485,40.00221483351064,246.3247165775401,0.0,0.0
CASE_6A64C3A749D0,Mamtani,AM_CC_INV,2,1503.8388120023767,882.2778521687463,36.76780094800182,40.533662560503714,246.07853535353536,0.0,0.0
CASE_6A701C0D7C21,Giannakou,Gianna_MM,2,1288.36441580511,721.9461613784908,31.10261970347873,36.38717305571963,247.75205935828876,0.0,0.0
CASE_6A830D158E4B,Kirstein,LK_JW_INV,4,1547.2754063576947,259.94866001188353,39.40954221162823,41.38472067388513,245.75713975044565,0.25,0.0
CASE_6B0A41931517,Kirstein,LK_MG_INV,17,1311.4060882457798,292.83769982174687,39.66050048216829,41.73032748011537,242.4561711439656,0.0,0.058823529411764705
CASE_6B1E53F1DD5A,sacchini,VS_SB_INV2,5,792.8601219726679,283.3001758764112,28.114854266748175,38.28655893763353,243.3061623291741,0.2,0.2
CASE_6B2271943F87,Moo,TM_MC_INV,2,1777.7371606654783,1775.525478787879,43.07912732308482,45.1807524662747,244.73121544860368,0.0,0.0
CASE_6B35A5B1F766,Moo,TM_MC_INV,2,871.0191435531789,180.44547094474157,21.471711181780595,27.79280252434567,249.67928942364824,0.5,0.5
CASE_6B3806A22BBA,Kirstein,LK_DF_INV,2,973.3197101604278,464.5024375519905,29.546946148862734,38.3371100389773,247.61126886512181,0.0,0.0
CASE_6B44CBFBF52A,Plitas,GP_YT_INV,4,2479.03224741533,2365.797173856209,60.129879950074454,52.9145131147509,241.62033903743315,0.0,0.0
CASE_6B7558FE224D,Goel,NG_LJ_DCIS,3,1757.7160185383245,389.7783961972668,42.72913016930849,41.4129098533208,245.34896656763718,0.0,0.0
CASE_6BCB335947EA,Morrow,MM_GB_INV,4,698.8913915626857,241.87888960190136,21.755615087656974,26.44835069850439,247.05618077837195,0.25,0.25
CASE_6BE96C0C6054,Giannakou,Gianna_LM,2,703.2711253713607,367.92334093879975,21.016517307570876,30.219589536865705,248.33523446226974,0.0,0.0
CASE_6BF80744F8C3,Morrow,MM_AM_INV,1,997.362183006536,997.362183006536,24.959216172130905,34.76500743592202,248.23625240641712,0.0,0.0
CASE_6BF82D16E189,Capko,DC_CM_invasive,7,1167.457188863424,279.4846165181224,38.43527530386675,50.13140735240594,236.99045620915032,0.14285714285714285,0.14285714285714285
CASE_6C0722F4A1BB,Morrow,MM_TC_INV,2,1628.7084318478906,1500.578327748069,39.70558487939044,43.426671974244044,245.41152442067738,0.0,0.0
CASE_6C1A8094A7B7,Capko,DC_JO_invasive,7,2900.320734165181,628.5286222222222,68.01117934498166,65.95512550388888,231.12830542398777,0.0,0.0
CASE_6C1BE9F6EDC8,Goel,NG_LH_invasive,5,844.9738767439097,289.2527393939394,25.53511016854196,33.24136188347157,246.97825202614376,0.2,0.2
CASE_6C27E0C61B14,Morrow,MM_MA_INV,4,1874.0021022578726,1411.292327272727,45.888159758837304,46.348560788077066,244.68603692810458,0.0,0.0
CASE_6C2F43E3807E,Giannakou,Gianna_MM,4,1559.684313547237,315.23982269756385,31.519953607620458,32.41693343758306,248.7892896613191,0.0,0.0
CASE_6C72CE63335F,EL Tamer,MET_LR,4,1127.0385482471777,285.4368306595365,35.50295830966402,36.022617041863946,243.7406511289364,0.25,0.25
CASE_6CA3216D917A,Downs-Canner,SDC_AQ_DCIS,2,1794.819104812834,1035.586647177659,43.46741785426394,43.55043878632006,244.89074717765894,0.0,0.0
CASE_6CDA867F4C63,Bayard,SB_FR_invasive_DCIS,3,1461.4131020796196,382.2987477124183,36.32382717070326,37.982260701602705,247.16633190730838,0.0,0.0
CASE_6D1602A7D316,Downs-Canner,SDC_KS_invasive,2,1851.185429352347,1601.2431436720142,46.43476084817371,45.171925931929046,244.9178766488414,0.0,0.0
CASE_6D1897B370A5,Morrow,MM_GB_INV,2,1782.7498535947711,549.1587477124183,42.58527932609915,39.80278763144761,245.5966865715983,0.0,0.0
CASE_6D4938DD97EC,Kirstein,LK_RR_INV,4,2090.0031999405824,1225.6323966726084,51.32571018541995,48.414226727197885,243.52220873440285,0.0,0.0
CASE_6D63CB347879,Lee,ML_MM_INV,5,1207.1534525014854,633.1627403446226,29.69572954841567,38.17631788647623,246.17117986928105,0.0,0.0
CASE_6DDC216C442C,sacchini,VS_RR_INV,4,1949.086998158051,1135.4641193107543,46.545100433082304,46.29702998964375,244.69721633986927,0.0,0.0
CASE_6DFDB2B62571,Plitas,GP_TK_INV,6,1578.7398068132304,784.0601970291146,37.873356135028985,41.238364112064524,245.46580879382057,0.0,0.0
CASE_6E006C27D9EC,Pawloski,KP_SR_INV,5,605.9988977302436,290.2778314913844,24.453848264022437,27.8728690816772,245.31490500297087,0.0,0.2
CASE_6E13E7FF3810,Tadros,AT_DM_INV,2,1799.0555125371357,1467.1696755793223,45.01610543464915,44.398610877287965,245.22795549613784,0.0,0.0
CASE_6E24E14107A3,Barrio,AB_GOH_invasive,2,1537.916591087344,1011.0687800356508,37.575209996927626,41.2120248462379,246.07505953654191,0.0,0.0
CASE_6E4B6364B123,Lee,ML_MM_INV,3,1617.4302307783719,1341.8150614379083,39.965345195608734,42.13456590306278,246.37673979005743,0.0,0.0
CASE_6E87820ED518,Montagna,GM_PP_INV,10,816.2679956268569,266.142842305407,25.10272836234447,33.26510371905333,247.01852945929886,0.2,0.1
CASE_6ED5C9816ACB,Lee,ML_MM_INV,10,1364.0527756149734,274.4261523469994,23.720973186000865,26.745115106098098,251.07518404040403,0.1,0.1
CASE_6EEC2B808370,Capko,DC_SS_DCIS,4,2602.6639402257874,2428.309176470588,63.21471895285357,54.18864033183683,240.9285546939988,0.0,0.0
CASE_6EFCB71973F7,Heerdt,AH_UD_INV,3,406.91501287383636,281.37012406417114,14.1368153387388,21.194791715429716,251.27064036442857,0.3333333333333333,0.3333333333333333
CASE_6F1433644887,Morrow,MM_GB_INV,39,1252.6257919283332,296.7605644682116,31.209309075352888,35.861847436789475,248.42446008806007,0.0,0.0
CASE_6F3045C4E799,Tadros,AT_SB_INV,11,324.0248987630314,120.78902222222224,12.406219426004167,19.20433538185618,248.43527880948523,0.6363636363636364,0.5454545454545454
CASE_6F4430A84358,sacchini,VS_RR_INV,3,3432.3252202812437,2072.898617944147,73.73724670001678,63.0550123196771,229.42431035848685,0.0,0.0
CASE_6F5EF281BCE3,Choi,XC_KG_invasive,6,1662.8169365022777,150.77560570409983,28.317339146976035,28.740244793915156,250.01435159437514,0.16666666666666666,0.16666666666666666
CASE_6F7C268A6CB4,Mamtani,AM_EB_INV,4,516.3767207961973,219.0125918003565,15.90827495632302,23.79298774022434,250.5095931966726,0.5,0.5
CASE_6F82C55FD5FF,Tadros,AT_RW_INV,4,2102.503005347594,1922.8362350564469,51.19218385471331,49.12395225651156,243.49168098633393,0.0,0.0
CASE_6FCCD7A59528,Morrow,MM_AM_INV,2,1567.9237620915032,1498.2317658942366,37.88004237704168,41.23408606147025,246.48601859774215,0.0,0.0
CASE_700A31523225,Choi,XC_ED_DCIS,7,1482.6106010355657,387.2109929887106,37.44657832888387,39.72216102834578,246.6725664205076,0.0,0.0
CASE_70490E503A5A,Mamtani,AM_EB_INV,4,515.8568288175877,219.0125918003565,15.898428759813838,23.78297107811109,250.51188440285205,0.5,0.5
CASE_70ABB52C4921,Morrow,MM_GB_INV,3,1438.4655504852446,164.54681069518716,34.270121937308446,35.02549370694169,247.63490659536544,0.3333333333333333,0.3333333333333333
CASE_70AF1D3510FF,EL Tamer,MET_AP,3,936.5223609427609,197.7084261437909,26.791643523351425,34.01337677877189,246.28094291939,0.3333333333333333,0.3333333333333333
CASE_70CF0F3C86A3,Giannakou,Gianna_KH,3,1964.346266983561,1068.3425259655378,42.23665589842527,40.58523535145869,246.14769372152907,0.0,0.0
CASE_710F10E74E84,Heerdt,AH_NF_INV,2,1154.8617859774213,450.0203921568627,28.2398981959907,34.309692975022394,248.17843065953653,0.0,0.0
CASE_7149D79FB402,Pawloski,KP_AM_INV,5,501.4139753297683,232.5588881758764,18.276527618864115,23.703619249664087,247.42077359477125,0.4,0.4
CASE_71955F92073C,Giannakou,Gianna_LE,4,1543.6279892453952,322.86352893642305,33.63536858452979,38.39306945398308,245.66985897207368,0.0,0.0
CASE_71B5617DB817,Goel,NG_LJ_DCIS,1,849.8065387997623,849.8065387997623,22.84482775576961,32.42545490799627,248.4474367201426,0.0,0.0
CASE_722F6969F6F2,Downs-Canner,SDC_SC_invasive,4,2427.986942840166,1653.816225311943,45.916988883749625,44.92404984267569,244.79077988710634,0.0,0.0
CASE_72554298CE1B,Lisa Allen,LA_AN_invasvive,2,1526.597229946524,246.53838764111703,36.71139907080463,35.045910275804374,246.66251544860364,0.5,0.5
CASE_729BF0B03D05,Plitas,GP_CB_INV,2,1205.1383055258466,478.7712453951277,29.595401353292743,41.16772114124431,246.1053497326203,0.0,0.0
CASE_72B4ABEEE0A9,Downs-Canner,SDC_VS_invasive,2,1008.2482269756388,511.9801889483066,25.672752971177694,32.986623184977226,248.72147748068926,0.0,0.0
CASE_72CC82707B59,Montagna,GM_DR_INV,4,1726.857250980392,241.0622086749852,40.319500435470836,37.74787545630483,246.86928799762327,0.25,0.25
CASE_72F5DFAD6D1D,Moo,TM_DM_INV,4,1866.6625292929293,1114.2500033273916,39.92240572622852,38.0955061047115,247.10755793226383,0.0,0.0
CASE_732571AA08D0,Kirstein,LK_CG_INV,2,1497.7156513368984,1206.3926167557931,35.014995297008376,39.63542081985743,246.75871794414735,0.0,0.0
CASE_732C5D5746F4,Moo,TM_DM_INV,6,1770.62614533571,564.4829673202614,42.44401353786227,44.39229966936032,245.30472315309962,0.0,0.0
CASE_7337FEBB8662,Kirstein,LK_MK_DCIS,5,1099.8633635650624,285.81979061200235,31.239850885179287,36.88892793630489,245.29113081402255,0.2,0.2
CASE_7380546F4911,Kirstein,LK_RR_INV,1,2025.9084651218063,2025.9084651218063,48.83686864294188,46.32112332123292,244.03411871657755,0.0,0.0
CASE_7393F7F7080E,Montagna,GM_CD_DCIS,3,612.4880179045355,300.8102623885918,18.151331758381875,26.143406014408956,249.86561810259457,0.0,0.3333333333333333
CASE_739F397E210A,Giannakou,Gianna_LE,3,581.4711714795009,204.94448223410575,18.917314843094797,25.31404793263761,249.6206127946128,0.3333333333333333,0.3333333333333333
CASE_73AD8E3FD31E,Moo,TM_DB_INV,2,682.2104287581699,383.9585918003565,20.061378614062686,26.758765239927452,249.6822363042187,0.0,0.0
CASE_73B5B516E121,Bayard,SB_KP_invasive_DCIS,2,1912.9477563874034,1495.532107664884,48.10175194881532,45.80329805975289,244.56191699346405,0.0,0.0
CASE_74198A85658E,Moo,TM_BE_INV,3,1935.6640070509013,192.82100130718956,47.41169719762786,44.176017828655084,243.0832231729055,0.3333333333333333,0.3333333333333333
CASE_744572C9B9A0,Morrow,MM_SZ_INV,2,990.9953045751633,316.1961763517528,24.115900904958135,36.0127336792493,246.9976534165181,0.0,0.0
CASE_74531C43EF49,Barrio,AB_LU_invasive,2,1420.0457498514556,627.1685359477124,34.559360463412666,37.966106446950256,247.1287687462864,0.0,0.0
CASE_74B7F10F30CB,Mamtani,AM_VA_INV,3,2101.3557521885523,1264.523870231729,51.71290613636927,48.88308761487266,243.26769237472772,0.0,0.0
CASE_74FE18F58446,Downs-Canner,SDC_CA_invasive,2,1768.0954861556743,1424.6197960784314,44.50843116834983,44.506815221947186,245.14554135472366,0.0,0.0
CASE_750B56A06CFA,sacchini,VS_AH_INV,3,1464.5513456129927,260.0949663695781,32.02689889156711,36.798064583240425,246.17101952861955,0.3333333333333333,0.3333333333333333
CASE_75141261023F,Heerdt,AH_JG_INV,3,685.4335442265796,302.4940698752228,20.309565446186937,27.175536753333905,249.37087791641912,0.0,0.0
CASE_754A7321D653,Giannakou,Gianna_KW,3,897.5347472370768,219.22518930481283,25.582475632247707,32.6973815272528,246.99588528421472,0.3333333333333333,0.3333333333333333
CASE_75AA1F45BA5A,Mamtani,AM_VG_INV,3,1930.067380788275,1636.170173499703,47.6804772971081,45.85852798363095,244.68077425232718,0.0,0.0
CASE_75B542C29E60,Giannakou,Gianna_MM,1,1767.7518521687464,1767.7518521687464,43.84404829138784,45.76728954953192,243.8755411764706,0.0,0.0
CASE_75C75945AAD0,Pawloski,KP_SA_INV,5,964.3151924896019,297.4868563279857,30.85609652386487,34.93885520145978,245.0075315983363,0.0,0.2
CASE_763419AA5D86,Tadros,AT_DM_INV,14,1172.7518854935913,232.15903909685088,30.189973014521932,34.60903446382746,248.65652551566083,0.07142857142857142,0.0
CASE_76444A177806,Barrio,AB_GOH_invasive,2,1227.2759693404635,311.9172030897207,30.147390897001117,34.00232124866599,247.70187748068923,0.0,0.0
CASE_767DEF933A7F,Barrio,AB_KM_invasive,5,1407.338770427848,325.63094638092696,36.279767564092886,34.69671238122547,248.17955358462677,0.0,0.0
CASE_7684962F7AB0,Tadros,AT_ZL_INV,2,1101.294824717766,695.8958787878788,32.66076855450546,42.84785879228835,246.271763161022,0.0,0.0
CASE_76CEBD0CD336,Morrow,MM_SB_INV,8,590.8846568924539,221.3368154486037,23.51636445828861,42.58794101239998,222.9766123291741,0.25,0.125
CASE_774D94C33FEA,Lisa Allen,LA_JE_invasive,6,117.94969019889385,48.23737005315395,27.348305270818717,35.599511744234945,244.6498026936027,1.0,0.0
CASE_7773270A6F56,Mamtani,AM_EB_INV,3,579.4571878787879,198.0068660724896,17.44251762795917,23.297710709766907,250.19990885323827,0.6666666666666666,0.6666666666666666
CASE_7785AA9EB907,Bayard,SB_VM_invasive,2,1523.652567439097,983.375232798574,37.19877938851987,40.07737423110581,246.46043273915626,0.0,0.0
CASE_783046FE2483,Montagna,GM_AD_INV,2,1027.9598830659538,584.527823885918,24.813441808079666,32.38276985644352,249.4031728461081,0.0,0.0
CASE_78371D6BA353,Kirstein,LK_JR_DCIS,2,1414.9058055852643,438.5730086749852,34.06628785996004,36.178744096503245,247.42290808080807,0.0,0.0
CASE_784A9B6D00C6,Choi,XC_KAG_DCIS,10,1620.0773067617351,742.1514887700534,39.754757451261284,45.63485013449375,243.98390243612593,0.0,0.0
CASE_78582054AC90,Downs-Canner,SDC_AP_invasive,5,2348.079881449792,420.2451607843137,57.093856549901716,49.09976483753495,242.38089117052883,0.0,0.0
CASE_786339BFEA34,Lee,ML_NT_DCIS,5,731.0354390017826,306.7924789067142,21.100001980622146,28.185745074645887,248.99724724896018,0.0,0.0
CASE_78EFAB400B0B,Mamtani,AM_CC_INV,5,1672.7288875579325,180.352385026738,29.06646351506266,28.77200022093117,250.06915301247773,0.2,0.2
CASE_790CB8278B0F,Lee,ML_BA_INV,4,684.8196594177065,307.2897792038027,19.971569255537684,27.442255811671334,249.34204910873441,0.0,0.0
CASE_790D77623203,Mamtani,AM_EN_INV,3,1474.495487264805,140.32307807486632,36.50864737979661,36.03076387389942,247.11035056446823,0.3333333333333333,0.3333333333333333
CASE_794DF4615044,EL Tamer,MET_GO,5,1746.2624141651813,1297.4552563279858,42.95781112950497,44.901328669922385,245.369543315508,0.0,0.0
CASE_7994F105894E,Capko,DC_JO_invasive,2,1594.0084267442949,1305.4504690422746,32.347889651956095,34.8231591507498,248.08262106013842,0.0,0.0
CASE_79B5A4A47648,Heerdt,AH_AE_INV,3,856.8525717567836,287.79083256090314,23.751502536584486,33.1209753563077,247.37021893444248,0.3333333333333333,0.3333333333333333
CASE_79F17FD3DFB9,Moo,TM_KE_INV,7,1584.230260555131,656.2926455139632,39.21702782755233,42.359667706673726,245.9079714795009,0.0,0.0
CASE_7A033BAF6E2F,Heerdt,AH_HS_INV,5,1783.3157468330362,266.8408617944148,43.275692879289494,42.8258457786832,244.82161618538325,0.2,0.2
CASE_7A56334BA2E8,Plitas,GP_VC_INV,4,727.7964901960784,282.73339679144385,22.248909999738178,28.07957095322405,248.74769515745692,0.25,0.25
CASE_7A6330474E95,Tadros,AT_NG_INV,10,1454.6898370053475,141.14658134284016,36.60079542691867,38.70331035107051,246.99713194295902,0.1,0.1
CASE_7A6FD8B6F578,Lisa Allen,LA_RQ_invasive,2,1577.0367266785502,1140.287242067736,38.20811547222528,47.26807064650254,244.20019191919192,0.0,0.0
CASE_7A78F3D7C61A,Tadros,AT_MB_INV,2,1812.2048160427807,1434.0210041592395,45.495234502829284,45.07983049100322,244.8815358882947,0.0,0.0
CASE_7A9DE0C3C190,Heerdt,AH_MH_INV,3,448.9469456922163,243.86633915626857,12.408272658211382,20.757014731367846,252.1569323034264,0.3333333333333333,0.6666666666666666
CASE_7AD546A615A1,Choi,XC_MS_invasive,7,1591.3252807741278,586.8628689245395,40.6279578246972,41.471476920783005,245.99862982768863,0.0,0.0
CASE_7B0CB8FCE439,sacchini,VS_BG_INV,2,1052.645152822341,325.3455082590612,25.98819664199859,32.25245237057112,248.64759465240644,0.0,0.0
CASE_7B11E5EBDCE0,Goel,NG_MC_invasive,2,1553.6971549613786,1361.7731648247177,38.014774128940644,41.5952398130316,246.20074497920382,0.0,0.0
CASE_7BF726112CA0,sacchini,VS_OC_INV,3,2002.9656419885125,1149.9556332739155,48.165391127851905,46.52366080052775,244.43042871855815,0.0,0.0
CASE_7C09B7A331D5,Giannakou,Gianna_KW,4,589.1143041592395,217.76420487225192,17.481321617804774,29.292590313065055,249.13099019607841,0.25,0.25
CASE_7C3413FE9A6A,Lee,ML_BA_INV,3,724.9623709249357,306.1554343434344,20.816802417170802,28.638128847629257,249.05496395325804,0.0,0.0
CASE_7C446014AEF1,Mamtani,AM_JH_INV,4,1823.78417124183,1176.240715389186,45.64950649310014,44.53533285198214,244.82644462269755,0.0,0.0
CASE_7C4AC451347D,Plitas,GP_LH_INV,5,650.9415948187759,273.1262376708259,22.740994114031615,32.694604079704014,246.02585086155676,0.4,0.4
CASE_7C4D3821315D,Plitas,GP_MC2_INV,6,1831.183856288374,963.6924216280452,43.81899609610037,43.40446864057159,244.18434353337295,0.0,0.0
CASE_7C57A17FE2CE,Mamtani,AM_ML_INV,4,1778.2247292335117,345.7278925727867,43.672272280324094,42.84643491515433,245.1425417112299,0.0,0.0
CASE_7C799EBBCBD2,Bayard,SB_NT_invasive,4,1859.8622651218063,724.2835505644682,45.73222748776989,44.91260825378997,244.7548760546643,0.0,0.0
CASE_7C7B439C736F,EL Tamer,MET_AP,5,1040.1151550802138,278.529333808675,31.76941381919242,38.19685493321521,244.06234162804512,0.2,0.2
CASE_7C99C9F0ECC2,Plitas,GP_YT_INV,9,746.1405739486368,226.58344171122997,22.134489834773817,27.49409533610183,249.07790209282368,0.1111111111111111,0.2222222222222222
CASE_7C9C873F9FC2,Downs-Canner,SDC_LL_invasive,3,1416.497427530204,128.58458181818182,34.40709967127369,36.02187189829214,246.79094723707667,0.3333333333333333,0.3333333333333333
CASE_7C9FA9B8A1DE,Heerdt,AH_JG_INV,4,1899.0706030897206,1027.1511681521092,46.045536067120096,46.18301708530024,244.07647222222224,0.0,0.0
CASE_7CA47727FDDD,Giannakou,Gianna_LM,6,808.9741767874826,203.5452137849079,24.54961619758761,33.04449734291058,247.0011770251535,0.16666666666666666,0.16666666666666666
CASE_7CE5AFC75C0F,Pawloski,KP_XY_INV,5,643.3328787165776,266.39447581699346,18.864731974359028,30.08467434295816,248.89952130718953,0.2,0.2
CASE_7D1FAE918D82,Downs-Canner,SDC_AQ_DCIS,2,1087.642635412953,123.4945523469994,26.71294454594769,29.746653202730663,248.4152873440285,0.5,0.5
CASE_7D2AE9693611,Choi,XC_KG_invasive,3,2698.3122932857996,1094.6682400475345,64.4487797819209,50.49244654953287,241.29112307387604,0.0,0.0
CASE_7D7250A77AA2,Lisa Allen,LA_DL_invasive,4,189.9454565778382,0.3648825510859318,19.61350794847152,21.916597878424923,248.73225207961974,0.5,0.5
CASE_7D7CE2C063B2,Bayard,SB_VM_invasive,4,1823.3586292335117,825.0121321449792,44.7116469549069,44.70431857758532,244.9655687462864,0.0,0.0
CASE_7DAB97540832,Goel,NG_MC_invasive,2,1262.4875856209153,260.88681568627453,30.721925176990354,33.6920896273416,247.59604937611408,0.5,0.5
CASE_7E2796E54475,sacchini,VS_AA_DCIS,2,1703.3010708259062,1508.0714778371955,40.84269038971495,42.51252272464045,245.90819417706476,0.0,0.0
CASE_7E3A454D618F,Capko,DC_CM_invasive,13,1477.7549792038028,144.35752465834818,37.38755565121867,39.71633125666148,246.71904715937657,0.07692307692307693,0.07692307692307693
CASE_7E935780484D,Giannakou,Gianna_LM,3,728.7330627054862,276.8033409387997,25.095767401534644,36.26817412550921,244.2419401861755,0.3333333333333333,0.3333333333333333
CASE_7E9ECB67F574,Lisa Allen,LA_JE_invasive,2,1480.6063654188947,951.1233442661912,36.03163535101577,40.22977493549357,246.47956428995843,0.0,0.0
CASE_7EA39F4CBAA4,Tadros,AT_SB_INV,5,788.2466479382057,279.0624936423054,22.650909370472665,29.469606763884236,248.37985090909086,0.2,0.2
CASE_7EA96927A3CE,Mamtani,AM_EB_INV,4,1541.0497570409984,707.4933713606655,38.18005389360026,41.56971149300997,246.3882760546643,0.0,0.0
CASE_7F2CF2C0F547,Mamtani,AM_EN_INV,4,1367.493887462864,620.8835814616756,33.83401990836295,39.12344527865638,247.36023752228164,0.0,0.0
CASE_7F489D2D9369,Giannakou,Gianna_MM,2,2010.605439691028,1996.1115294117649,48.14261900660244,45.847057985192066,244.67013018419487,0.0,0.0
CASE_7FDDAE985EFF,Capko,DC_JO_invasive,2,1912.6110906518893,1133.1747874579123,38.420586154402955,36.88602208802384,246.8710279882155,0.0,0.0
CASE_801CB67EEA15,Mamtani,AM_VG_INV,5,2102.6661681758765,1159.0014317290552,51.12899463518689,48.47451829229732,243.64438959001785,0.0,0.0
CASE_801F47C39F6D,Bayard,SB_DP_invasive,4,1645.0167189542483,189.118159714795,40.982766787528156,39.21159424402473,246.22144188948306,0.25,0.25
CASE_8051C41FF108,Pawloski,KP_NF_INV,4,1710.1734732620323,901.3364815210932,42.21936738653522,43.85581830505115,245.5047603089721,0.0,0.0
CASE_8063DE5CB6E5,Plitas,GP_JJ_DCIS,5,822.1884084135472,225.3826882947118,23.93593417879997,30.901896633346713,247.6030974450386,0.2,0.4
CASE_8094A4BBEF0C,Giannakou,Gianna_KW,5,851.775666452763,218.15837409388,26.08726262678362,33.50474951412908,246.74524755793226,0.2,0.2
CASE_80AF607D2381,Giannakou,Gianna_SM,4,1423.3218375519905,345.2659001782531,25.099480513271427,28.327597401841896,250.49894141414143,0.0,0.0
CASE_80EE6A0ED46E,Choi,XC_CF_invasive,5,2121.4913940819965,455.507074509804,51.8158723721112,47.280188432563286,243.48604888888886,0.0,0.0
CASE_80F683EB7800,Heerdt,AH_NF_INV,2,1588.4431932263815,1521.6225321449792,38.81344895749471,42.955551442007064,245.59627855020796,0.0,0.0
CASE_812CF2B209AD,Giannakou,Gianna_LR,3,752.8489934640523,225.5160665478313,22.281971356845716,30.429863732032647,248.00764250346606,0.3333333333333333,0.3333333333333333
CASE_818D6C1D5797,Giannakou,Gianna_MM,2,1522.3061925133688,1014.3132629827688,36.93184771911797,40.83946227008579,246.23536333927512,0.0,0.0
CASE_81BE4139C5AF,Plitas,GP_LH_INV,2,1080.2396005941769,1045.2555068330362,45.31598938344817,53.85107027671375,241.34706078431373,0.0,0.0
CASE_81D5CF9E1156,Moo,TM_BE_INV,2,2122.493514557338,2044.9283462863932,51.02595235640643,47.6304219295709,243.70196547831256,0.0,0.0
CASE_820CAE5EC533,Montagna,GM_CD_DCIS,3,761.7315469994059,301.8458944741533,22.849534368145456,28.83671601389069,248.51078875024757,0.0,0.3333333333333333
CASE_8213CF244040,Morrow,MM_GB_INV,3,589.0212144979204,242.73491907308377,17.578823294891006,24.1455048393852,248.4076926916221,0.3333333333333333,0.3333333333333333
CASE_823083156CD6,Plitas,GP_JK_INV,2,1123.8886856803329,205.1041062388592,27.611086168570804,30.749239178561012,248.50116743909683,0.5,0.5
CASE_824A74F76B77,Heerdt,AH_NF_INV,5,2017.2165181224004,321.1593782531194,49.110141744513875,45.99532914641938,243.99224152109326,0.0,0.0
CASE_82E24375F278,Capko,DC_JO_invasive,2,1496.8173526936027,1013.989882388702,30.252986069788893,33.43812469329245,248.52048447437335,0.0,0.0
CASE_838258CE688E,Choi,XC_MS_invasive,2,1986.6020913844325,1900.6044399286984,47.510588112275165,46.01997527728844,244.3706000594177,0.0,0.0
CASE_83930B9E1893,Mamtani,AM_ML_INV,2,2034.59802590612,1692.5377426024957,50.786705474798836,47.19170401237874,243.9711360665478,0.0,0.0
CASE_83D454335539,Lee,ML_WY_INV,3,770.1262378292731,295.6371519904932,22.738609721303316,29.29548591346517,248.46517809467218,0.0,0.3333333333333333
CASE_83E3DCDF8536,Lee,ML_IS_INV,2,1538.397544741533,1298.6759557932264,37.09788856571423,40.911102108228704,246.51328122400471,0.0,0.0
CASE_83FE98CD9B14,Tadros,AT_DM_INV,3,496.58891043771047,290.92864551396315,15.80106518810978,24.044260860644922,250.63220978411564,0.0,0.3333333333333333
CASE_8405A7ABE4B4,Capko,DC_JO_invasive,2,1974.8160872251933,1799.2159489007724,49.55677221726103,48.043999468924675,243.67536322043972,0.0,0.0
CASE_843296032604,Pawloski,KP_NB_INV,2,1007.7045745692217,808.2551436720142,37.90372549796061,41.567981516488516,246.54662685680333,0.0,0.0
CASE_850C0D90AFA2,Heerdt,AH_SR_INV,2,1512.2250966131908,793.461888057041,37.098592467061536,40.964909588409235,245.77965977421275,0.0,0.0
CASE_8516A2C3DB42,EL Tamer,MET_LR,3,854.6969891067538,208.955750207962,29.65443010720585,31.39630400951796,245.26793650227765,0.3333333333333333,0.3333333333333333
CASE_852A18D82399,Moo,TM_MC_INV,2,1807.251190255496,1801.3353224004754,43.86789487472636,45.84090309287739,244.29779215686276,0.0,0.0
CASE_85B57A3CBDAB,Plitas,GP_CB_INV,4,1573.985631788473,190.74410409982173,38.588818572603856,39.515073416085286,246.32965796197266,0.25,0.25
CASE_85D9E65D6AA4,Moo,TM_BE_INV,2,1432.3049584076057,935.6847691027926,34.566741608689185,38.74215419852757,247.31770617944147,0.0,0.0
CASE_85E70AB463B5,Moo,TM_EU_INV,4,1067.2905193107547,270.15054925727867,31.36143172527706,38.724746986228695,244.18228416518122,0.25,0.25
CASE_860AD2F67098,sacchini,VS_BE_INV,3,933.1624762131115,278.0961787284611,20.71466239603473,27.947255088078848,249.86110924935633,0.3333333333333333,0.3333333333333333
CASE_863E18659E7E,Lee,ML_BA_INV,7,738.8790884984297,293.4616228163993,21.817428764351018,32.924691001879204,247.72426687038453,0.0,0.14285714285714285
CASE_869A2EBDD853,Pawloski,KP_AM_INV,3,2104.613673044167,1251.3650352941177,51.786389351751744,48.85952400495537,243.24340380273324,0.0,0.0
CASE_86D043082710,sacchini,VS_PD_INV,3,769.4817421271538,234.47814236482472,20.42398286527365,26.85513174345344,247.69585359477125,0.3333333333333333,0.3333333333333333
CASE_87B2FE851718,Barrio,AB_NP_DCIS,2,1137.7056856762065,1038.322299382716,50.93870878594619,54.998913591660134,240.47156583193043,0.0,0.0
CASE_881327C7C8AE,Tadros,AT_SB_INV,3,2108.0666138245197,813.9593364230541,46.70100478175879,44.04375756519763,245.1243432362844,0.0,0.0
CASE_88212E0CF581,Montagna,GM_MP_INV,2,1117.356429708853,358.52596553773026,27.493642886431417,31.654153737407107,248.59059292929294,0.0,0.0
CASE_8828E1F99543,Montagna,GM_MP_INV,2,1789.688835769459,1417.826716339869,45.00421003079863,44.96153196040474,244.93738080808083,0.0,0.0
CASE_883568915EA5,sacchini,VS_SB_INV,6,1120.2596806496335,280.9566177064765,36.22247091052456,42.3002479902157,240.06165113883938,0.16666666666666666,0.16666666666666666
CASE_8838FD06A777,Lee,ML_SB_INV,5,1178.0947825549615,508.4646892453951,29.206777045718134,38.09348177312553,245.47375168152107,0.0,0.0
CASE_88A3C988E95A,Downs-Canner,SDC_LR_invasive,3,974.5876366013072,300.64914010695185,27.287254170310945,32.9002861254579,246.9657437908497,0.0,0.0
CASE_88BE71FAEDAB,Morrow,MM_TC_INV,2,1100.215534640523,335.0310906714201,26.86566965615588,32.62798071719433,248.49094278074867,0.0,0.0
CASE_8948D393D992,Montagna,GM_TD_INV,3,1725.649292295504,1370.4477770647652,44.14899292919589,45.095591419094376,244.6782998217469,0.0,0.0
CASE_896A79A81AFB,Kirstein,LK_RR_INV,2,1275.8782004753416,636.2089162210339,30.922647345649473,35.79341281496254,247.9140440285205,0.0,0.0
CASE_8971360B34D2,EL Tamer,MET_DM,3,6429.229999994491,3887.4440909008263,68.4745475640973,64.62804515694982,237.00103030303032,0.0,0.0
CASE_8995E3515099,Choi,XC_DM_invasive,4,2138.2524606654783,1796.5405799168152,52.03314057299075,49.24702126675123,243.39179114676176,0.0,0.0
CASE_89F34EE61FCC,Kirstein,LK_JW_INV,6,1500.1635600713014,642.1201948900772,36.91099617001402,41.672898995212925,244.6089110913052,0.0,0.0
CASE_8A022444B20A,Plitas,GP_CB_INV,4,842.9716221033868,306.90742578728464,27.462236263578614,30.517394759425898,247.17152644087938,0.0,0.0
CASE_8A03391386F9,Downs-Canner,SDC_KS_invasive,16,4048.0916924563826,320.9072205442675,41.16571081507094,49.190934043782704,243.44964202239385,0.0,0.125
CASE_8A1E393C97E6,Montagna,GM_YL_INV,2,1410.4713590017825,1319.2144439691028,34.01570256023713,39.12908791644661,247.28430469399882,0.0,0.0
CASE_8A206AE6AAFB,Giannakou,Gianna_KW,4,799.4154343434343,297.70962067736184,22.61935441731331,33.27958466467314,247.21760808080808,0.0,0.25
CASE_8A99BF07C8DC,sacchini,VS_BE_INV,3,1335.0387583283818,278.48049696969696,29.256137107485614,33.3546118416011,247.66800891265598,0.3333333333333333,0.3333333333333333
CASE_8AC045394FB1,Downs-Canner,SDC_DG_DCIS,3,1767.9513565458508,1205.6856349376114,44.097395853110925,45.24870254390052,244.97842974846503,0.0,0.0
CASE_8AE06289B27E,Kirstein,LK_DF_INV,2,1881.574249792038,1700.2502562091504,46.23504148364141,45.182477761382486,244.215733808675,0.0,0.0
CASE_8AE6A7C41E31,Moo,TM_IA_INV,7,1914.6299465240643,617.1035928698752,45.86348515973257,45.92682043882159,244.68253571004158,0.0,0.0
CASE_8AECE584BD2D,Tadros,AT_SL_INV,5,735.1991554604872,302.79924896019014,24.00290543277855,29.507787480442886,247.50938557338085,0.0,0.0
CASE_8B0BA8E7C412,Tadros,AT_MA_INV,4,1458.8248868092692,322.73862816399287,36.172230849743286,39.96966308051964,246.77197421271538,0.0,0.0
CASE_8B24036B1CBB,Lee,ML_MC_INV,2,917.0172589423648,287.01155769459297,22.86584372408377,30.507383828457982,249.24379215686275,0.5,0.5
CASE_8B32CE913B16,Kirstein,LK_RR_INV,6,1411.2888921370568,372.5505820558527,34.66123564677432,42.43713945185942,245.11658453159043,0.0,0.0
CASE_8BCCE0FFB36B,Downs-Canner,SDC_AQ_DCIS,3,2373.8015622103385,1916.1589556743909,56.18648962067368,50.2279386950068,242.7393130124777,0.0,0.0
CASE_8BEBE192A585,Kirstein,LK_LC_INV,2,1463.5867060011883,914.9501276292336,35.77733581572407,40.11089064676008,246.53415294117644,0.0,0.0
CASE_8BECC54E9AE6,sacchini,VS_PD_INV,3,1801.133988512577,1267.2609316696376,44.92472087476475,45.82654641371497,244.74201885521884,0.0,0.0
CASE_8BFC138AD94B,Capko,DC_JL_invasive,2,1684.8511561497328,922.0008836601309,40.65161005429326,41.09810268766962,245.8881211527035,0.0,0.0
CASE_8BFC5B7C4187,Plitas,GP_YT_INV,3,906.4019541295307,306.8757352347,29.532326142376082,36.03583172584206,248.24511982570803,0.0,0.0
CASE_8C2378E47496,Lee,ML_LT_INV,3,2075.0218123192712,1154.6391367795602,51.15253261159787,48.309944902028114,243.42679378094672,0.0,0.0
CASE_8CF4E6CEC7E6,EL Tamer,MET_DM,3,1311.1667090512974,772.4802524064171,39.165590288048385,42.974653034457695,246.07795416914237,0.0,0.0
CASE_8D5680B73A8B,Capko,DC_AR_DCIS,19,943.7347397817181,103.18981818181818,25.623621046226415,31.03792301286183,249.68006778622134,0.21052631578947367,0.05263157894736842
CASE_8D5813EBFFC6,Giannakou,Gianna_KW,4,959.9902718954248,218.9222970885324,27.63355875605586,33.511716015230746,246.3345165181224,0.25,0.25
CASE_8D5B8DCA7422,Tadros,AT_RW_INV,2,825.8035497326202,173.71683161021986,20.57604281861348,30.532352982572135,248.32740736779562,0.5,0.5
CASE_8D6C9CB77D7B,Mamtani,AM_CC_INV,2,1853.4104177064764,1651.6304986333928,46.26540035905256,45.14864206552164,244.94621830065358,0.0,0.0
CASE_8D7D0C0E0C53,Giannakou,Gianna_LM,8,830.3072688057041,277.6632779560309,23.75045210959709,33.86125985567267,247.23300164884137,0.125,0.125
CASE_8DABE8AD8322,EL Tamer,MET_DM,11,6063.809380163035,2070.113181809918,63.691151885588084,61.75651117422963,238.34816253443526,0.0,0.0
CASE_8DE2896C5855,Capko,DC_SS_DCIS,3,1520.7840289166172,1200.0803156268569,37.888044175986686,40.97353365049102,246.81971915230739,0.0,0.0
CASE_8DE82E9B351D,Lisa Allen,LA_DL_invasive,5,332.4596245751634,122.7437725490196,11.387510110978955,18.198165503232048,249.3021034581105,0.6,0.6
CASE_8DF76953AB26,Bayard,SB_DP_invasive,2,850.9031455513693,478.4194949247326,33.97716319296214,44.33317860135103,245.32249298540967,0.0,0.0
CASE_8E30D5675AC9,Plitas,GP_VC_INV,5,1849.1905900415925,1033.7869511586453,44.341791877713675,42.871152849375,243.56136663101606,0.0,0.0
CASE_8E8DDBA1E89F,Lisa Allen,LA_KM_DCIS,2,1687.862439453357,1362.1133578134284,42.39805014800973,43.053754412827075,245.78496387403445,0.0,0.0
CASE_8ED3348D1C26,Downs-Canner,SDC_AQ_DCIS,5,2444.5929546286397,325.8430509803921,59.25285082613004,49.857000575281454,241.85117768270942,0.0,0.0
CASE_8F27D97644BC,Giannakou,Gianna_MM,2,2069.1862133095665,1969.7398084373144,49.47511572910895,46.77390296928311,244.09638954248365,0.0,0.0
CASE_8F8F61651C51,Morrow,MM_HB_INV,4,1548.610093939394,186.70193131313133,37.904224931975236,39.312952714883934,246.39744643493762,0.25,0.25
CASE_8FB9CFEB8422,Heerdt,AH_SR_INV,2,1106.7442919786097,461.3966440879382,27.54920806249358,40.98613290080935,246.39534563279858,0.0,0.0
CASE_8FF61DC20881,Kirstein,LK_JR_DCIS,6,1159.6526125965538,275.4240724896019,28.80868469798762,36.115475920587194,246.43052636165578,0.16666666666666666,0.16666666666666666
CASE_9000C91C5566,Capko,DC_AR_DCIS,1,3770.3954531194295,3770.3954531194295,64.72023544608346,54.45090329050217,239.14716173499704,0.0,0.0
CASE_9005D31F8CF8,Goel,NG_MFB_DCIS,7,588.2723266276207,244.6756256684492,29.047980223085013,36.91157218026688,247.144005466429,0.14285714285714285,0.0
CASE_903DCC516086,Goel,NG_LJ_DCIS,6,1909.575946127946,209.35526369578133,32.356814194618934,31.3255239377672,249.31137938205586,0.16666666666666666,0.0
CASE_9042FD8E7AB4,Montagna,GM_YL_INV,4,708.4278463458111,270.0700373143197,22.4295160918457,41.42856285863183,241.80430727866906,0.25,0.25
CASE_905F001681F8,sacchini,VS_ST_INV,10,1599.6570104812834,345.8789276292335,39.00601318945472,39.53444259920095,246.91411992869877,0.0,0.0
CASE_9068074DAEDC,Tadros,AT_NG_INV,2,1337.8279549613785,687.185307902555,32.7760244611891,43.56681693104191,245.52555656565653,0.0,0.0
CASE_906B70707AD4,Capko,DC_KO_invasive,1,1751.6937932263816,1751.6937932263816,43.44631782647079,45.46668177029532,243.9900110516934,0.0,0.0
CASE_90A689E30B7D,Capko,DC_CM_invasive,2,1088.7602639334523,326.61815353535354,24.701920818456625,29.363924052706807,249.05773606654785,0.0,0.0
CASE_90D493F2E47D,Heerdt,AH_LG_INV,3,1565.002796118043,277.0580073677956,37.32556232879822,37.64943847899074,246.8300779164191,0.3333333333333333,0.3333333333333333
CASE_90FC5A4F9245,sacchini,VS_SB_INV,3,260.6875816201228,206.9410229352347,12.161631667469647,47.186806521399454,199.23967819370174,0.6666666666666666,0.3333333333333333
CASE_9113E5B154C2,Moo,TM_DM_INV,3,1576.3803235492176,407.1088960190137,33.82565546632362,38.35167025092028,245.67324309764308,0.0,0.0
CASE_916A12122217,Montagna,GM_XM_INV,2,478.2891700534759,308.7825680332739,16.38785299601488,46.60766885161813,214.60966761735,0.0,0.0
CASE_918B7AD2D69E,sacchini,VS_ST_INV,7,2061.7306397759103,1064.857350207962,49.86080419929482,47.46082033492643,243.88911722264666,0.0,0.0
CASE_9190E1EB1AD7,Mamtani,AM_JB_INV,3,1617.0231541295307,893.9343103980987,39.91647171780865,43.06530568779834,245.79114727668846,0.0,0.0
CASE_91C78B56773F,Pawloski,KP_AO_DCIS,7,1657.173620507597,932.5908620320856,40.0354777613789,43.44749413479591,245.48399453357098,0.0,0.0
CASE_920BBBDDD84A,Plitas,GP_MC_INV,2,648.2531330618217,116.85349857445026,20.893973071175377,23.583659284825316,250.8964175876411,0.5,0.5
CASE_92755A31A67D,Goel,NG_LC_invasive,7,1423.0149468126644,356.15891978609625,34.888351834414216,39.86543641343742,247.18680212206095,0.0,0.0
CASE_93137262F2D1,Montagna,GM_AD_INV,16,1475.752375,400.87388021390376,36.14334295429692,38.52549941520803,247.34993340760548,0.0,0.0
CASE_9328DC666721,Moo,TM_BE_INV,2,2130.3087273915626,2024.628551396316,51.135353396805996,47.61275420595472,243.70829839572193,0.0,0.0
CASE_932EF11FE8BB,Heerdt,AH_MH_INV,27,214.03646474800175,0.8543806223638785,48.17334656526841,56.84815194526153,227.6709889923197,0.8518518518518519,0.037037037037037035
CASE_935D204B80C8,Morrow,MM_SZ_INV,2,1727.2072316102199,1355.767370647653,41.74828251432806,47.33157743300339,243.86309132501486,0.0,0.0
CASE_93A07C9974EE,Lee,ML_MM_INV,4,2138.227525965538,1160.1973385620915,52.41333459618359,48.814190054608794,243.25521393345218,0.0,0.0
CASE_93AF90568A05,Barrio,AB_SL_invasive,2,865.5476254307785,145.17192299465242,21.305627654854987,27.062419275275257,249.78863428401664,0.5,0.5
CASE_93C1C512B9E4,Choi,XC_ED_DCIS,4,1796.9914202020202,1043.7013953654189,43.36803324303831,42.95128161029015,245.54343808674986,0.0,0.0
CASE_93C551657B60,Lisa Allen,LA_JR_invasive,2,1662.7912841354723,1501.4567733808674,40.70564229902317,43.79587250945146,245.05856363636363,0.0,0.0
CASE_942EC8459C82,Lee,ML_LS_INV,3,1041.2697033075856,291.48202780748665,29.97221313567572,37.393516207474484,244.4312919786096,0.0,0.3333333333333333
CASE_94586F991EEA,sacchini,VS_BE_INV,7,646.2451377302435,290.45838193701724,22.42822968139799,35.32318622837961,245.71727221797815,0.0,0.14285714285714285
CASE_94AF928D2985,Moo,TM_DM_INV,2,949.726927748069,779.8428064171123,34.95842204786498,45.30964304790645,245.0002342245989,0.0,0.0
CASE_94BD1E3873FF,Heerdt,AH_SR_INV,3,1551.9890707070706,1443.927092097445,28.23954306192321,30.76686975376582,249.7343256882551,0.0,0.0
CASE_94D9389A8BFB,Bayard,SB_RB_invasive,3,2725.103111269558,1410.7052304218655,64.03778841633937,52.317891873204935,240.44609566250742,0.0,0.0
CASE_951223217439,Mamtani,AM_JH_INV,5,1610.6356575638742,932.2285604278076,39.59751087010598,42.88496329550793,246.06669100415925,0.0,0.0
CASE_953B03FC1E9B,Goel,NG_LC_invasive,6,1942.1862593384828,1169.2779650623886,48.55350017210213,45.23248868536725,244.7271375916023,0.0,0.0
CASE_9561C355A8AE,sacchini,VS_AA_DCIS,2,1706.4781100415923,1195.69367771836,41.92113429793205,43.78609659025054,244.80105038621514,0.0,0.0
CASE_95CA5D9285EE,Capko,DC_VM_invasive,3,954.6034463061992,705.543998573975,23.79642267054857,32.2404555499561,249.37872576747873,0.0,0.0
CASE_95E132A5A7AB,Plitas,GP_LH_INV,6,770.7580635373341,238.6522053475936,23.054813565279122,30.875614545451707,247.77425676371558,0.16666666666666666,0.3333333333333333
CASE_9621C08E1DF2,Lisa Allen,LA_RQ_invasive,6,2041.0547136858786,1091.9666481283425,45.28049648174048,42.41432344590004,246.0034595761537,0.0,0.0
CASE_963C0BDB6CF8,Mamtani,AM_EN_INV,7,1743.1864673966556,453.2648209150327,45.761842139184374,46.47352276782788,238.64601796112385,0.0,0.0
CASE_9655DD341827,Montagna,GM_IY_DCIS,2,964.3090241235889,185.35931336898395,23.596765645593113,29.039035068347786,249.48477195484253,0.5,0.5
CASE_9668EC2AFE5B,Pawloski,KP_AM_INV,4,465.65747344028523,287.9065185977421,19.125705228768478,23.570500780881698,247.43036541889484,0.25,0.25
CASE_96A7C7BC1DC2,Lee,ML_MC_INV,7,1186.0760495373906,293.7187313131313,34.26689334710288,35.72541295604808,245.31014048043463,0.0,0.14285714285714285
CASE_96BE2A8797FD,Lisa Allen,LA_JP_invasive,4,2068.2253632798574,1052.7784297088533,50.746309104210695,47.8629169869214,243.59795962566847,0.0,0.0
CASE_9768CB574930,sacchini,VS_AH_INV,3,1171.7551332937214,254.01891598336303,26.20045611200271,37.018643523667215,245.67816122004356,0.3333333333333333,0.3333333333333333
CASE_976E4126553D,Choi,XC_PH_invasive,3,1707.4324350960587,1305.0056767676767,42.657329392253445,44.6188610098963,245.28326599326599,0.0,0.0
CASE_97C6D1C54AD6,Pawloski,KP_SR_INV,4,1924.449776114082,1253.9701837195485,47.39134791984029,46.85824849829896,244.32876684491978,0.0,0.0
CASE_97CE61E157A4,sacchini,VS_SB_INV,2,1794.8577446226973,1412.2090505050503,44.94738716843122,44.31767552471925,245.23422115270347,0.0,0.0
CASE_97D378CAB23D,Lee,ML_DG_INV,2,1358.149593345217,1009.1273204991088,32.94921042927966,39.29010428342936,247.03264135472372,0.0,0.0
CASE_9833CD03D1E0,Capko,DC_SK_invasive,4,1700.2929398098631,742.914222459893,42.05175657056414,43.349371773778465,245.52551164587047,0.0,0.0
CASE_98600BDB56E5,Goel,NG_MC_invasive,2,1442.7132297088533,866.1919764705882,35.38075414769474,39.79377097593052,246.55095163398693,0.0,0.0
CASE_9884C842DAA3,Montagna,GM_PP_INV,6,1316.66814291939,429.02370837789664,32.79854181967094,49.70873408215186,234.26602705486235,0.0,0.0
CASE_98A123CD7325,Kirstein,LK_MK_DCIS,6,1264.6766937611408,365.4162150920975,31.381008248732527,37.73528387025544,245.83824749455337,0.0,0.0
CASE_98D366A318C9,Barrio,AB_EJ_invasive,7,1344.9005273915627,638.1328434937611,34.5458952564401,46.15692204938819,243.76807500212206,0.0,0.0
CASE_98F37309FF8B,Moo,TM_BE_INV,2,1455.5457820558527,678.8574852049911,35.15764802192234,38.18296153530073,247.18382156862748,0.0,0.0
CASE_98FCCCB06FDF,Plitas,GP_JK_INV,5,1597.3826188472965,117.4406312537136,36.34507699874946,36.31336323313049,246.86159598336303,0.2,0.2
CASE_9913CA6C25C1,Barrio,AB_NP_DCIS,4,1044.6130191919192,207.34673178847297,19.15430186826793,24.737463154982706,251.39531390374333,0.25,0.25
CASE_991A2FBFCF07,Plitas,GP_JJ_DCIS,4,656.353103446227,225.00091764705883,18.84193884066241,27.281591696460634,249.31594432560905,0.25,0.5
CASE_993A6FD2EAB4,Giannakou,Gianna_SM,3,1574.0509276292335,595.814009506833,37.620416677923224,39.25568416336686,246.81876747870865,0.0,0.0
CASE_993EA8705764,Bayard,SB_VM_invasive,2,1527.6965477124181,1304.4889340463458,37.20264810893063,40.77799933098126,246.49702786690435,0.0,0.0
CASE_996DAC4165B7,Choi,XC_BN_invasive,4,1691.6100696969697,721.7416392156863,42.0935424691293,43.32550299434626,245.51793345216876,0.0,0.0
CASE_997683864BFC,Lee,ML_WY_INV,3,673.7908964943554,296.690682590612,19.75172432180999,27.899602184304996,249.35930976430973,0.0,0.3333333333333333
CASE_9993154B1CCE,Lisa Allen,LA_JP_invasive,5,1476.7942102911468,551.034917409388,31.8769064543578,34.57924648146274,248.14946545454546,0.0,0.0
CASE_99C3E7B66736,Tadros,AT_CL_DCIS,2,1419.1754762923354,693.6320318478906,33.808892621905144,38.430169666155884,247.36800011883543,0.0,0.0
CASE_99C5F27023FF,Goel,NG_MFB_DCIS,2,2165.223979679144,1743.343279144385,54.78206372948076,49.151629684486736,242.24169518716582,0.0,0.0
CASE_99E39C4273BF,Pawloski,KP_LS_INV,5,1912.2010345335707,793.9309970291147,45.98886151623758,46.68633039945633,243.9400762448009,0.0,0.0
CASE_9A3E565E71B4,Downs-Canner,SDC_VS_invasive,2,1418.565675460487,1169.19348781937,35.48209584705206,39.506052282442084,246.70359524658346,0.0,0.0
CASE_9A68892AF9A9,Heerdt,AH_NF_INV,2,923.1307464052287,400.1395203802733,23.3847516262601,34.059902342658496,247.6068405822935,0.0,0.0
CASE_9AC2030A7C3F,Goel,NG_MC_invasive,3,1741.2154305407012,1389.4320052287585,43.34087860681655,45.21538615165099,245.04308247177661,0.0,0.0
CASE_9AD388B3FAF9,Tadros,AT_MS_INV,3,723.1088761338879,282.1041126559715,21.79120658409858,27.14616550102163,249.26260716973658,0.3333333333333333,0.3333333333333333
CASE_9B458EC6D2F7,Downs-Canner,SDC_LR_invasive,2,891.2036729564161,526.6239307426113,38.83395710129578,45.294269282443125,244.77730446829406,0.0,0.0
CASE_9C584806E534,Goel,NG_TV_invasive,2,1795.7296943553179,1381.8308848484849,45.06988840020652,44.33690868904551,245.2170155674391,0.0,0.0
CASE_9C602C9F3B06,sacchini,VS_RR_INV,3,970.0263116656764,296.9128857991682,27.677488615612273,33.94315363098454,246.5062226579521,0.0,0.3333333333333333
CASE_9C6F2DBF36B9,EL Tamer,MET_HH,4,1022.4176274509805,285.6935733808675,28.573781231736444,38.26283841983851,245.01623484848486,0.25,0.25
CASE_9C8771CE799D,Lee,ML_MC_INV,2,924.078374688057,434.46941889483065,24.450345886969522,33.07087698845341,248.1481439691028,0.0,0.0
CASE_9C8C64DEE3E8,Bayard,SB_RB_invasive,2,1771.1080800950685,1403.1629982174688,44.85740744083722,44.16202412920357,245.26940160427807,0.0,0.0
CASE_9CB02D864BDE,EL Tamer,MET_DM,3,586.763781976629,284.92513796791445,22.598010027301015,27.911620802783972,246.07293749257278,0.3333333333333333,0.3333333333333333
CASE_9D471F127204,Heerdt,AH_UD_INV,3,418.0821190730838,280.10169055258467,14.259645349816738,21.609013864788206,251.20887280649632,0.3333333333333333,0.3333333333333333
CASE_9D62527832AF,Moo,TM_KE_INV,3,737.7129733412557,304.9160183006536,19.90269411933481,30.112874825928156,248.86794414735593,0.0,0.3333333333333333
CASE_9D8D1A6EA1EA,Pawloski,KP_NB_INV,7,868.4042166878872,292.037071657754,24.243860376277837,32.6250119828635,246.73796650539003,0.0,0.14285714285714285
CASE_9D9A64637287,Goel,NG_MS_invasive,3,872.9299847098436,280.42361711229944,25.119265485255145,38.41520364739491,244.8790099821747,0.3333333333333333,0.3333333333333333
CASE_9E6D1BF7F5B2,Kirstein,LK_MK_DCIS,2,1462.115083184789,584.2084142602496,35.48376462838066,37.43522379425518,246.9874021390374,0.0,0.0
CASE_9E6F49DD1CEA,Barrio,AB_SL_invasive,3,1532.865115626857,1263.870278550208,38.496275781420245,42.27616719935994,246.21586908298673,0.0,0.0
CASE_9E876B305872,Capko,DC_AR_DCIS,3,1431.0963300455535,393.7075172905526,35.742622896528296,37.7729751475264,247.2631817389582,0.0,0.0
CASE_9EA73E9C13E4,Heerdt,AH_NF_INV,2,1161.5066177064764,448.2838514557338,28.43469873631092,34.404759229571866,248.11316482471778,0.0,0.0
CASE_9EC97861FEDD,Lisa Allen,LA_TB_DCIS,3,692.6033205783324,277.16956007130125,22.997532618955805,31.881759894171154,246.920594533571,0.3333333333333333,0.3333333333333333
CASE_9EE90311CCCF,sacchini,VS_AH_INV,3,1452.5901338878987,259.89572810457514,31.47515082111623,36.79027689716952,246.28479033471976,0.3333333333333333,0.3333333333333333
CASE_9F07845E8BEA,Downs-Canner,SDC_SC_invasive,1,1259.5884456327983,1259.5884456327983,31.350762917252965,38.30499237495049,246.86685204991088,0.0,0.0
CASE_9F96D4CD6949,Montagna,GM_CD_DCIS,3,1919.8480099821747,1331.912648841355,47.4318144738557,46.78415050297329,244.29678684888097,0.0,0.0
CASE_9FC2E41E14F2,Bayard,SB_DP_invasive,2,983.0305880564906,754.5704884493078,44.10029037380434,54.07288006887423,241.084847374205,0.0,0.0
CASE_9FEAF8E7DFDE,sacchini,VS_ST_INV,4,2279.7840581699347,2021.7968693998807,55.637811311375074,50.945766817543216,242.61011503267974,0.0,0.0
CASE_A0124B62A7A6,Capko,DC_VM_invasive,2,1502.0347563874034,1318.7081573380867,36.92182746846857,41.49456707631326,246.16458799762327,0.0,0.0
CASE_A0553C0A2138,Goel,NG_LH_invasive,4,1856.9009370172312,853.4967838383839,44.99129472478714,43.38693845995761,245.16255855614972,0.0,0.0
CASE_A072369E61C5,Morrow,MM_MM_INV,3,837.5470425826896,363.1539491384432,26.614949231668774,30.826070580582776,245.2509496930085,0.0,0.0
CASE_A0878AB501CF,Giannakou,Gianna_CR,5,367.5129391800357,134.08518502673795,12.001895284868016,19.387098886843226,249.02038089126557,0.6,0.6
CASE_A097C9AA9550,Mamtani,AM_VG_INV,5,1746.2590518835411,576.2423099227569,43.25085179271625,42.34825870885474,245.80720974450387,0.0,0.0
CASE_A0D29D7006F0,EL Tamer,MET_GO,6,1685.803209308774,367.631524896019,41.354627301328236,42.67887869093935,245.77620556545853,0.0,0.0
CASE_A0F4F943B8EE,Pawloski,KP_NB_INV,2,1787.2855162210337,1403.114573024361,44.43396150368109,44.08857777896563,245.3435863339275,0.0,0.0
CASE_A11C22AB484E,Plitas,GP_LH_INV,6,1763.455237235096,879.0743082590612,42.35630501527229,42.55546828555294,244.28568379877206,0.0,0.0
CASE_A11E1612DD5A,Giannakou,Gianna_LR,4,1965.8957155674389,1832.6217095662507,47.984253464837224,47.498579464491804,244.24359334521688,0.0,0.0
CASE_A152BD920256,Capko,DC_SS_DCIS,18,1183.582624678154,222.2914136660725,34.577020106453,38.32497472299876,244.21733628441274,0.1111111111111111,0.1111111111111111
CASE_A169979E0954,Lisa Allen,LA_AD_invasive,2,1204.508302436126,392.8826740344623,29.414305661735938,33.9453916453433,248.09222774806892,0.0,0.0
CASE_A1C61DC9EACC,Montagna,GM_JH_INV,4,729.5106357694592,301.06503339275105,22.785354281828166,35.636404760543705,245.67582495543672,0.0,0.0
CASE_A1CFAD47CECC,Mamtani,AM_ML_INV,3,816.9063911269559,257.25697658942363,22.856937471066463,31.049440687881084,248.15278692810458,0.3333333333333333,0.3333333333333333
CASE_A1D16979C091,Moo,TM_PL_INV,7,1693.8210585179527,120.96430968508616,42.0543298541391,40.52978613693075,246.06738665648078,0.14285714285714285,0.14285714285714285
CASE_A1FB23B3A106,Plitas,GP_JK_INV,4,2110.081090730838,1552.8875213309566,51.36022791220433,48.81017824715642,243.49551788472965,0.0,0.0
CASE_A243FE8B07F3,EL Tamer,MET_MM,2,1273.7175944147357,616.9299942959002,30.824089548214346,35.64302785261906,247.86046993464055,0.0,0.0
CASE_A288BE8EA72A,Tadros,AT_SL_INV,3,1717.0043026341848,1245.6556865121806,42.960585038033905,44.8406199244344,245.16153376906323,0.0,0.0
CASE_A28C5BA8177B,Kirstein,LK_CG_INV,3,1046.73877409388,282.14914533571005,31.00915190949821,33.54488487387655,245.947357892652,0.3333333333333333,0.3333333333333333
CASE_A2E3DC8BAF42,Lee,ML_BA_INV,2,2047.8320528817587,1645.7431745692215,56.24880096089993,58.8489376694376,235.39184171122997,0.0,0.0
CASE_A30EA480AF43,Goel,NG_TV_invasive,4,1299.497339691028,142.09236815210932,28.999775790820426,32.4934991942387,248.35924105763516,0.25,0.25
CASE_A3349B0CE64E,sacchini,VS_OC_INV,5,633.5424514319667,118.31690980392158,19.856017674454456,84.3251754792632,189.63226165181223,0.6,0.0
CASE_A3C878368CA6,Pawloski,KP_LK_INV,5,943.0121022459892,282.2804808080808,26.79985582160814,34.053241270977956,246.6549628282828,0.2,0.2
CASE_A3D0E2C3D6A2,Goel,NG_LJ_DCIS,4,2100.1356083778965,1478.101313606655,51.35100324131018,48.652170994223,243.52636651812242,0.0,0.0
CASE_A3D938976C25,Moo,TM_WA_INV,2,882.4614351752821,360.04501152703506,25.201581089050137,31.313575072850185,247.6815112893642,0.0,0.0
CASE_A3E8CF300E89,Tadros,AT_MS_INV,3,720.8849842741138,282.517530362448,22.666101446104786,28.488434330143487,248.53416938007527,0.3333333333333333,0.3333333333333333
CASE_A4025DDC9073,Heerdt,AH_HS_INV,4,752.5774435531788,283.8782255496138,22.28078235525365,29.57572985331123,248.461715389186,0.25,0.25
CASE_A42092100E67,Capko,DC_JL_invasive,4,1460.9425715389186,415.9178616755793,36.591776109936646,39.90506555801375,246.67112106357695,0.0,0.0
CASE_A4259E4FAB3F,Plitas,GP_MC_INV,2,800.3399250747776,275.8928413586071,27.9877903340975,30.25247865036866,249.53134159239454,0.5,0.0
CASE_A515741C5C90,Barrio,AB_TB_DCIS,4,2281.0512909090908,1970.5004142602493,55.99165932059415,51.21661547635838,242.44057905525847,0.0,0.0
CASE_A516183D1BB4,sacchini,VS_ST_INV,2,1635.7429486631013,799.1571348781937,39.35715396041368,39.8861924238389,246.28846375519907,0.0,0.0
CASE_A55672116A72,Plitas,GP_LH_INV,8,895.6220610219846,238.64526108140225,25.059408881580467,34.41506029510336,246.8077510695187,0.125,0.25
CASE_A5664E70EFB4,Montagna,GM_DR_INV,7,617.697863441134,270.2359282234105,16.540262613816243,28.010945369720243,250.2183550802139,0.14285714285714285,0.14285714285714285
CASE_A5C8B9CF64ED,Morrow,MM_TC_INV,5,989.6197621865715,299.7100953060012,30.215893665922028,36.772485215546226,244.38426371954841,0.0,0.2
CASE_A5CF3179E81A,Choi,XC_ED_DCIS,4,771.7488455139633,232.12132762923352,23.3683057496033,30.398925233607365,248.05901773618538,0.25,0.25
CASE_A5D21972A85E,Lee,ML_NT_DCIS,5,618.0388798098633,306.9119541295306,17.682722348675956,28.02772711772301,249.681338419489,0.0,0.0
CASE_A5DA86BB8814,Plitas,GP_JK_INV,5,682.4118515983364,285.87024147355913,17.819003003615073,28.474883469747954,250.84410488413545,0.2,0.0
CASE_A5E76E34F71E,Montagna,GM_TD_INV,7,1466.8864782276546,1158.9704197266783,37.174977632516274,48.64940597830516,242.84455832272303,0.0,0.0
CASE_A5F181FE537D,Tadros,AT_SB_INV,5,1684.1522117171721,818.7342612002377,40.78213428260471,43.86004856046961,245.12376572786692,0.0,0.0
CASE_A6002A41125B,Montagna,GM_DR_INV,21,3244.698009155986,132.42955912061794,76.09529086158284,55.4593915683355,236.21695403898934,0.14285714285714285,0.0
CASE_A65245D355C0,EL Tamer,MET_CM,9,97.97926876400847,0.1155860943753003,16.213142768770958,20.872845109171124,249.01499092889682,1.0,0.4444444444444444
CASE_A677E281B5D0,Lee,ML_MM_INV,2,1098.6423420083186,326.09610505050506,27.309594906452507,34.01060325513145,247.7273879976233,0.0,0.0
CASE_A6CAE948C7F0,Giannakou,Gianna_KH,2,1101.804677361854,356.27310493166965,26.737489996353126,42.06203783778346,246.44457290552583,0.0,0.0
CASE_A6F6F461C2EA,sacchini,VS_RR_INV,3,567.9437010893247,297.80807938205584,20.43566260771323,27.17932411682102,248.41481675579323,0.0,0.3333333333333333
CASE_A6FA626AB83D,Mamtani,AM_VG_INV,9,2173.979593714927,1424.3626234105764,52.181733134324645,49.33546791782861,242.85759321317755,0.0,0.0
CASE_A736DB227056,Downs-Canner,SDC_VS_invasive,2,1811.5821863339274,1430.619448366013,45.21777739965733,45.1273732699379,244.88078520499107,0.0,0.0
CASE_A739948EDEF2,Montagna,GM_MP_INV,6,1501.8501694989106,518.1090003565063,37.09814893461141,45.68461588072494,240.9521815607051,0.0,0.0
CASE_A781BCC05052,Heerdt,AH_LG_INV,4,1942.8923049910873,1240.1166103386809,47.733819095763465,47.13660212509588,244.24723642305406,0.0,0.0
CASE_A78BBCBF5607,Choi,XC_BN_invasive,11,805.0230803404414,535.4283373082678,35.38616544904154,48.32106815959624,243.74132815954155,0.0,0.0
CASE_A7BB0A5EA422,Mamtani,AM_CC_INV,2,948.3986358882947,398.9526336304219,23.364335340307097,31.51000451312359,249.19236737967913,0.0,0.0
CASE_A7C592263FA0,Goel,NG_LH_invasive,4,1392.3615464646466,157.13537991681522,34.689835857081725,37.54413874027854,247.09897718360074,0.25,0.25
CASE_A7EA62279ABE,EL Tamer,MET_AP,3,953.591372469796,280.0137212121212,27.053467454559172,34.69509252231087,246.31340542681718,0.3333333333333333,0.3333333333333333
CASE_A823A58939FB,Montagna,GM_YL_INV,2,1425.632780986334,1318.8925860962568,34.41557806320411,39.40207025196277,247.16880101010102,0.0,0.0
CASE_A8604DD02402,Moo,TM_WA_INV,5,1678.347464242424,805.4073126559715,40.29675570817947,43.73159611102072,245.69610198455138,0.0,0.0
CASE_A8774825B662,Choi,XC_SL_invasive,2,1365.1983341651812,984.5362200831848,36.90604066074338,44.3295540917831,245.88569328579916,0.0,0.0
CASE_A892CE90F178,Heerdt,AH_UD_INV,6,1371.7935648247178,285.4980147355912,34.41505461539156,39.36065780874221,246.5554438700733,0.16666666666666666,0.0
CASE_A8B6A36739C5,Choi,XC_CH_invasive,2,370.4725668449198,305.2427341651812,26.83268228030223,34.84617642879641,247.36642014260252,0.0,0.0
CASE_A8BCDC1BF090,Capko,DC_VM_invasive,4,1842.863681639929,800.9690255496138,39.07036797152445,39.00680404245173,246.41625686274512,0.0,0.0
CASE_A8E8880C249B,Goel,NG_LC_invasive,9,1777.4283116128606,956.0304672608436,44.04960108354967,43.77529804989739,245.43337526903017,0.0,0.0
CASE_A8F1A87EE5A6,Downs-Canner,SDC_CA_invasive,2,1392.4775347593584,1129.9033670825906,34.182752960221656,40.142495285536064,246.71280326797387,0.0,0.0
CASE_A9199C099916,Choi,XC_CH_invasive,2,1790.0209751633988,1254.7886436125966,43.063439784727095,43.2771597654793,245.31826981580514,0.0,0.0
CASE_A919B8700B35,EL Tamer,MET_HH,3,885.1343080213904,288.0221725490196,25.860807720628042,32.67329206058023,247.02656272529214,0.3333333333333333,0.3333333333333333
CASE_A94DEB44131F,Pawloski,KP_MM_INV,6,607.2452990295108,287.43503719548426,25.18801044426748,29.00201174003395,244.6092486829075,0.16666666666666666,0.16666666666666666
CASE_A963B218C8EE,sacchini,VS_OC_INV,5,588.8473609982175,130.2029081402258,19.447943401711075,75.98992321278956,186.53884829471184,0.6,0.0
CASE_A9C37DB6F358,Heerdt,AH_NF_INV,5,1744.1144728223412,758.1994003565062,42.2189942619947,43.463607294316176,244.98926944741532,0.0,0.0
CASE_A9E973D3C238,Bayard,SB_FR_invasive_DCIS,4,850.8415397486551,491.5133760975721,35.3382979093978,45.572384301752294,244.74216087378414,0.0,0.0
CASE_A9FAB24785BA,Morrow,MM_MA_INV,3,875.80043359081,243.47278930481284,25.433995081666655,31.064533826964546,247.1726403644286,0.3333333333333333,0.3333333333333333
CASE_AA0FEB81EEB7,sacchini,VS_ST_INV,3,1924.3814081996434,1593.558999405823,46.20027502769485,44.91149274842338,245.1194466230937,0.0,0.0
CASE_AA7750187745,Plitas,GP_MC_INV,2,676.9422833574841,275.94822614696824,20.315754577950006,26.09913707418638,251.03952822341057,0.5,0.5
CASE_AA836E68212D,Heerdt,AH_JG_INV,4,2016.9529611408198,559.3738381461676,49.35917433625416,45.862279116394475,244.00030671420083,0.0,0.0
CASE_AA8F6791A8C4,Tadros,AT_CL_DCIS,4,1315.858817409388,156.8336294711824,32.9761551981462,36.478009137246694,247.52441019013668,0.25,0.25
CASE_AAC0D08F855C,Pawloski,KP_AM_INV,1,1215.6278058229352,1215.6278058229352,30.45069574208325,48.29235793057188,243.390335828877,0.0,0.0
CASE_AB65B3FA7AF8,Lee,ML_LT_INV,4,1344.2463342840167,337.6900168746286,32.196173484244575,36.09138797693212,248.1516319667261,0.0,0.0
CASE_AB7681C5AEBD,sacchini,VS_AA_DCIS,3,1447.8397779362251,731.932256684492,35.073067398544715,41.31130074871452,246.62952529213706,0.0,0.0
CASE_ABA47445D849,Tadros,AT_DM_INV,5,2215.4161181699346,1407.067111348782,53.655457057591754,49.712146685223516,243.03363103980988,0.0,0.0
CASE_ABF8F7639F52,Downs-Canner,SDC_AP_invasive,3,1305.4570404436522,257.75426096256683,31.786417417771627,38.68502275176677,246.3922120816003,0.3333333333333333,0.3333333333333333
CASE_AC228C0B4364,Plitas,GP_MC2_INV,3,708.529751000198,230.1531824123589,20.983452507397477,29.686040982003103,248.48002820360466,0.3333333333333333,0.3333333333333333
CASE_AC65533A0F8D,EL Tamer,MET_CM,2,1726.1411939393943,840.4296527629233,42.06643340539763,41.32323010747067,245.52819786096256,0.0,0.0
CASE_AC71FA262E37,Goel,NG_MFB_DCIS,9,1491.0703994454348,625.0068121212121,30.636193507574717,39.16949404952313,247.43961090645013,0.0,0.0
CASE_ACBB6ADA0286,Barrio,AB_SL_invasive,2,1031.1182849673203,521.263260130719,25.25480399220487,32.17879523839444,249.278305466429,0.0,0.0
CASE_AD208F65925F,Kirstein,LK_CG_INV,5,1746.8015036007127,387.6425235888295,38.54224220799491,39.24006929278927,246.4777056446821,0.0,0.2
CASE_AD216AA174A2,Montagna,GM_JH_INV,7,1740.0779952126306,623.736548781937,42.76730062853805,49.5897575399062,235.07163201765556,0.0,0.0
CASE_AD4F877C575B,Morrow,MM_SZ_INV,3,1949.2753446623094,1694.1591893048128,48.79967588836026,48.07650761987355,243.69559433551197,0.0,0.0
CASE_AD6E22030099,Montagna,GM_PP_INV,2,1556.3973957219252,1261.528929768271,37.419659463747266,40.40208636639821,246.67387754010696,0.0,0.0
CASE_ADBF024D2083,Morrow,MM_MM_INV,2,1171.64388781937,1076.004296137849,29.50031917066937,36.278684721966364,248.13770487225193,0.0,0.0
CASE_ADC5866D82B5,Capko,DC_BF_invasive,3,1981.0820155278273,1242.000895781343,50.13870173523079,46.310327729914626,243.6373963161022,0.0,0.0
CASE_ADFEC9C18E72,Capko,DC_KB_invasive,2,946.0592212715387,308.42599667260845,23.08963923212628,32.10962627785324,248.46985828877007,0.0,0.0
CASE_AE00BC7F6304,Morrow,MM_SZ_INV,4,2062.365972489602,1101.0064140225788,50.380201687861245,47.93175820398451,243.67536016042783,0.0,0.0
CASE_AE1F5E0B679F,Goel,NG_LH_invasive,4,1367.3397847296494,167.29330338680927,34.36624826189296,36.52711052177073,247.48401336898394,0.25,0.25
CASE_AEF96D7C0FC9,Kirstein,LK_CG_INV,1,1648.514266191325,1648.514266191325,40.89915955509952,43.62568782095423,244.8779675579323,0.0,0.0
CASE_AEFD1F2D3C6B,Downs-Canner,SDC_VS_invasive,3,2074.5261368191723,1403.6973956030895,51.657598263666195,48.91518218668224,243.27270251534958,0.0,0.0
CASE_AF0158A8859E,Tadros,AT_MS_INV,2,816.2230357694593,332.2286039215686,22.807642165566737,32.23978981517867,247.45718651218064,0.0,0.0
CASE_AF23E346F4B4,Goel,NG_LJ_DCIS,3,2153.4749207367795,1778.5241376114082,51.868409968733374,49.01092585181664,243.00688330362448,0.0,0.0
CASE_AF3223FC0BB8,Montagna,GM_MP_INV,3,1238.861659893048,255.2645302436126,26.054235599251104,29.702511396418412,249.65222709447414,0.3333333333333333,0.3333333333333333
CASE_AF7EF4508854,Tadros,AT_SL_INV,9,601.0510673004555,235.79098039215685,21.87615574231126,25.243714088009735,241.54746011751502,0.1111111111111111,0.2222222222222222
CASE_AF80132AAF5A,Moo,TM_FS_DCIS,4,1520.436483600713,693.7183225193107,36.61710393599945,42.1104469520341,246.37933131313133,0.0,0.0
CASE_AFAA77056992,Downs-Canner,SDC_VS_invasive,2,1399.6786564468212,1143.3166343434343,34.968958469148006,39.1315899366454,246.8530624480095,0.0,0.0
CASE_AFAAD64EEBC8,sacchini,VS_PD_INV,3,860.0813927510399,283.9149625668449,16.713757566650816,24.617403902435196,251.55371836007134,0.3333333333333333,0.0
CASE_B00929E2B6E9,EL Tamer,MET_CM,2,1463.1440875816993,167.4515964349376,35.27665781367347,33.36655648990945,246.98602733214497,0.5,0.5
CASE_B01348B4A7DA,Mamtani,AM_ML_INV,5,1929.3442182768863,711.5951643493761,46.43164440232581,46.42737398696018,243.85134816399287,0.0,0.0
CASE_B014B855499F,Downs-Canner,SDC_DG_DCIS,2,1708.8944453951276,1354.2515966726085,42.84985076904934,43.27487509423085,245.6844346999406,0.0,0.0
CASE_B03F856A1DEE,Heerdt,AH_AE_INV,3,950.2183450980392,289.30684254307783,26.262628909110465,34.39340913666906,246.6253374925728,0.0,0.3333333333333333
CASE_B044AC1331D9,Montagna,GM_MP_INV,2,1641.5754603683897,1528.2339553178847,39.80541388433462,43.40102271979274,245.37657415329767,0.0,0.0
CASE_B060A4747CC0,Goel,NG_LH_invasive,2,1597.577961972668,678.1891524658348,38.88209884255512,39.05903638257004,246.26288781937018,0.0,0.0
CASE_B07B816575DE,Choi,XC_SL_invasive,3,411.0410835624659,313.150182959285,20.854698017192273,39.11117258794735,242.72047612655072,0.0,0.0
CASE_B0853DE011AC,Barrio,AB_NP_DCIS,2,1184.37086478208,737.4527777777778,52.70317862912904,55.40792711121783,239.7506542859147,0.0,0.0
CASE_B0B3CE4F56DD,Downs-Canner,SDC_LL_invasive,2,1504.4556836601307,1322.421591919192,36.74195105203481,41.70980453275742,246.12638449197863,0.0,0.0
CASE_B0C3269106EF,sacchini,VS_BE_INV,3,975.7786516141811,277.3519220439691,21.83173739217594,31.705470178139933,248.87158221429988,0.3333333333333333,0.3333333333333333
CASE_B0D9F3547249,sacchini,VS_BE_INV,3,776.8226459100812,245.0513868092692,23.684214917534913,38.10770089358382,241.9255302832244,0.3333333333333333,0.3333333333333333
CASE_B131BD133182,Montagna,GM_MP_INV,2,1772.4873137254901,1402.32098704694,44.280915526867716,44.020549443241066,245.3728284610814,0.0,0.0
CASE_B15C194DE680,Mamtani,AM_JB_INV,7,1016.4318553263729,354.3463146761735,26.109877033385967,32.84369860420456,249.19414813683048,0.0,0.0
CASE_B18F7782C50D,Goel,NG_NF_invasive,2,2447.107733808675,2388.226763636364,59.26815611064316,50.36969512189828,242.04384129530598,0.0,0.0
CASE_B1961EF98E4E,Morrow,MM_KD_INV,3,2065.6237573380863,1880.9454992275696,49.35046803867925,46.499611418810865,244.43169340463456,0.0,0.0
CASE_B23E3152F2AB,Downs-Canner,SDC_KS_invasive,4,1607.1928645276294,187.9166008318479,39.74806066192528,39.918491981894725,246.02484203802734,0.25,0.25
CASE_B24C0FF8F9DD,Choi,XC_DM_invasive,3,1454.4865930679343,294.70203969102795,35.72921220372902,43.81854294946543,245.14791431966728,0.0,0.0
CASE_B294F0F756FD,Giannakou,Gianna_DM,4,755.681000594177,209.14749875222816,21.373613716692752,31.36636581232838,247.9863723707665,0.25,0.25
CASE_B2B015665D16,Plitas,GP_VC_INV,3,735.9376727272728,283.0153977421272,21.421367608785733,28.411165102312083,248.85273887898595,0.3333333333333333,0.3333333333333333
CASE_B2B1014AC15B,Downs-Canner,SDC_AM_invasive,2,2311.1896755793223,2253.7738747474746,55.777292663365856,50.01583846262207,242.44354806892454,0.0,0.0
CASE_B302DF548A5B,Lisa Allen,LA_RQ_invasive,2,1761.3209497326202,1399.7680266191326,44.17595504098756,43.90556967526353,245.4197872251931,0.0,0.0
CASE_B34DBD3924CE,Heerdt,AH_AE_INV,5,1023.1604413071894,289.3701903743316,30.695920929769123,37.60809278012559,244.30309209744505,0.0,0.2
CASE_B35AF66C3E55,Lisa Allen,LA_AD_invasive,2,932.9678449197861,197.86515151515152,23.028560059044054,28.930001507297558,249.54745918003567,0.5,0.5
CASE_B361E31C3B2F,Pawloski,KP_AM_INV,5,501.3619244682115,232.50683731431965,18.27670373746347,23.704903893599198,247.4204666428996,0.4,0.4
CASE_B38AE837BB3F,Morrow,MM_AK_DCIS,2,922.1234301841948,526.6279462863934,22.273474245641538,30.46639583490205,249.98851681521094,0.0,0.0
CASE_B390D4E8C2E4,Lisa Allen,LA_JE_invasive,4,2227.6615972667855,2071.864445395128,54.299501603925,50.46510864596452,242.85238639334523,0.0,0.0
CASE_B3E0B724C5EC,sacchini,VS_BG_INV,2,1188.9739011289362,504.22947213309567,29.932111032306942,34.3131800497612,247.7433799168152,0.0,0.0
CASE_B3ED3F871549,Choi,XC_ED_DCIS,6,769.9368135868489,232.3900394533571,23.012571709627593,31.155822346586316,247.9539706872648,0.16666666666666666,0.16666666666666666
CASE_B3F1FE0D1512,Lisa Allen,LA_DL_invasive,2,1738.7979246583482,1379.1463743315508,43.7214987774541,44.33929537717315,245.2455226975639,0.0,0.0
CASE_B40EAB88DDDA,Kirstein,LK_MG_INV,5,334.2610053951277,135.6182412358883,10.630929877836873,18.59191903681026,249.40487541295306,0.6,0.6
CASE_B4605718E393,Capko,DC_VM_invasive,2,1204.9017928698752,889.2852166369578,29.644629018968175,35.53237080053869,248.1116575757576,0.0,0.0
CASE_B48895F069C5,Heerdt,AH_HS_INV,16,406.8304981580511,174.23320427807488,17.815352647501534,23.28918280684154,249.3416137329174,0.125,0.125
CASE_B49812E0DA29,Goel,NG_JA_invasive,4,2213.295010932858,1767.7475881164587,54.0505274969273,50.187071470259305,242.88303651218064,0.0,0.0
CASE_B4B99C6EA07A,Morrow,MM_AK_DCIS,2,1622.832573262032,1467.908122638146,39.12071980035835,42.82968602209989,245.81896452762925,0.0,0.0
CASE_B4C6A3AC1302,sacchini,VS_SB_INV,2,1752.2170382650029,1411.1850711824125,43.802677201169296,43.74082546939749,245.48304795008914,0.0,0.0
CASE_B4DC220D5037,Downs-Canner,SDC_LL_invasive,2,1271.1964130718954,809.3168522875817,31.12883042187979,37.85891178768134,247.33610683303624,0.0,0.0
CASE_B4E6D3F0B2E4,Lee,ML_MC_INV,4,1385.4530423648248,138.68258039215686,34.37351855621572,36.95320467766133,247.21363704694,0.25,0.25
CASE_B52D7520EE4A,Barrio,AB_EJ_invasive,7,1380.5038291486292,767.8833986928105,35.34053852768801,46.80354789471848,243.5539362363127,0.0,0.0
CASE_B5BB1572794D,Goel,NG_MFB_DCIS,6,966.5598380273323,310.93024147355914,30.414612346944338,34.821806474396894,245.3760185779362,0.0,0.0
CASE_B6223194F527,Downs-Canner,SDC_AM_invasive,2,1202.713450861557,410.3818255496138,29.543219329210643,34.31029503331236,247.99782519310753,0.0,0.0
CASE_B6A6ADEF8047,Morrow,MM_SZ_INV,4,2304.9380512774806,1314.4554778371955,54.94629201492881,48.73636182771996,241.42781108140224,0.0,0.0
CASE_B6B096C26E91,Capko,DC_SK_invasive,1,2242.7292363636366,2242.7292363636366,43.64272636834283,41.725736818039856,244.7944582293524,0.0,0.0
CASE_B6DBED31A2FC,Mamtani,AM_DB_INV,2,1274.3377613784908,343.16803351158643,30.910352668564055,41.228867251517,246.5664338680927,0.0,0.0
CASE_B6E3089833C0,Tadros,AT_MB_INV,6,843.6131109922757,300.9128114081996,26.971389506084634,31.586243319840804,246.84232790651615,0.0,0.16666666666666666
CASE_B6EFE8CB6FB9,Montagna,GM_AD_INV,2,1816.1888566844918,1612.4880981580511,43.59315827442019,44.095563313228034,245.35271663695784,0.0,0.0
CASE_B7674804B627,Kirstein,LK_SW_INV,4,1785.9646730243612,445.30046939988114,44.13026132752985,43.21735505692919,245.05889682115267,0.0,0.0
CASE_B7830D2CC88A,Giannakou,Gianna_KW,6,511.332572271737,205.7029580510992,19.39879604134902,25.655938412729842,246.5498300257477,0.3333333333333333,0.3333333333333333
CASE_B7A9887BCE6C,Mamtani,AM_JB_INV,8,1667.8240374034463,263.4495484254308,28.046109317727264,28.96767263141931,250.47092005347594,0.125,0.125
CASE_B7D6EBA94B6F,Lee,ML_DG_INV,2,1416.217345216875,1083.3869409388,34.484873563099335,40.47057159539218,246.3986695187166,0.0,0.0
CASE_B7DB6258CFA5,Goel,NG_LH_invasive,2,1507.703882828283,1444.3948026143792,37.10753637126635,40.269576897737345,246.55856369578134,0.0,0.0
CASE_B81127DFF67E,Morrow,MM_KD_INV,3,2068.767518637354,1884.8771954842543,49.38781824633271,46.52918326566046,244.4193367003367,0.0,0.0
CASE_B8202950F6D8,Pawloski,KP_SR_INV,7,995.5709623631271,296.6137088532383,28.684523700145572,35.24023904346088,245.98464675324675,0.0,0.14285714285714285
CASE_B82421652DDC,sacchini,VS_RR_INV,2,1935.7012505050507,1550.0592822341057,48.04921016564995,45.86358298102331,244.57658431372548,0.0,0.0
CASE_B8B7F92871F8,sacchini,VS_BG_INV,2,2028.0688600118835,1431.371221865716,48.866445229034525,46.04105571506952,244.12810237670826,0.0,0.0
CASE_B92AD7D532C2,Tadros,AT_DM_INV,4,1659.855863161022,359.0250973262032,40.589677785655596,52.02459978655087,241.26566532976827,0.0,0.0
CASE_B94D21F21A76,Lee,ML_SB_INV,2,1359.0157353535353,893.8644850861557,32.82696830567539,37.82858597008029,247.6639807486631,0.0,0.0
CASE_B972EC91E10A,Lee,ML_LT_INV,2,2046.8305606654783,1294.6221685086157,48.9712119844313,45.20181263065693,244.36344105763516,0.0,0.0
CASE_B9755CED6786,Montagna,GM_YL_INV,4,198.64778400458525,105.1327613604905,33.55256233394111,34.627794895549954,245.98549450386216,1.0,0.0
CASE_B9CE8C87C027,Downs-Canner,SDC_SC_invasive,1,1090.9830464646466,1090.9830464646466,27.77335195865154,36.91821121834342,247.45371574569225,0.0,0.0
CASE_BA1AD8392EB3,Capko,DC_SK_invasive,2,1794.4255819370173,1413.21802590612,45.11861493981887,44.30315128508582,245.21961521093286,0.0,0.0
CASE_BA2581D663D3,Kirstein,LK_LC_INV,3,1336.2927222024164,508.4438079619727,32.56753828474158,37.83038860634347,247.21208722519313,0.0,0.0
CASE_BA94B24C2EC8,Lisa Allen,LA_JR_invasive,2,933.2164948306595,485.63889601901366,23.41201595691674,32.73030764153112,248.7392155674391,0.0,0.0
CASE_BA9EB28C0B37,Heerdt,AH_CM_INV,4,948.5070912655972,307.60989851455736,27.915799283666487,33.21849933078991,246.68942388591802,0.0,0.0
CASE_BAC80184042F,Heerdt,AH_LG_INV,3,1580.4103622103387,330.68914462269754,37.69578552598857,38.26586438355278,246.75481711229943,0.0,0.0
CASE_BADDBD8EF7FF,Choi,XC_KG_invasive,6,1268.3503723113488,233.54439928698756,40.37186342143432,42.1168518208109,241.39578415527828,0.16666666666666666,0.16666666666666666
CASE_BB1210B34C23,Barrio,AB_LU_invasive,2,1338.8938370766489,475.624357694593,32.4665326557284,35.8254112114331,247.70160279263223,0.0,0.0
CASE_BB386B44000C,Goel,NG_JA_invasive,3,1389.4884142602496,272.2117832442068,34.712151602932884,37.2682355496917,247.23283644285996,0.3333333333333333,0.3333333333333333
CASE_BB3A81E5842B,Mamtani,AM_EN_INV,1,1438.5474024955436,1438.5474024955436,35.10399221779674,40.05269889620821,246.65027926322043,0.0,0.0
CASE_BB4D1943DF2E,Bayard,SB_SS_invasive,2,956.6454167835766,793.1791741488963,42.644332646800635,53.26836771050412,241.56289176487093,0.0,0.0
CASE_BB4EE5F6F166,Morrow,MM_TC_INV,3,940.8841575757575,299.72179869281047,28.433194514248616,34.725992526318954,245.4333840760547,0.0,0.3333333333333333
CASE_BB7C474D57FA,Giannakou,Gianna_LR,3,632.7215931867696,225.92067759952465,18.49853455405,28.026239956867624,249.2239476331947,0.3333333333333333,0.3333333333333333
CASE_BB875C1C3112,Montagna,GM_AD_INV,14,1311.2744890247009,375.5279073083779,32.03061549158405,35.94511891766334,248.32529656226126,0.0,0.0
CASE_BB99554CC60D,Plitas,GP_JK_INV,3,783.8156106159636,288.6288230540701,22.477680474878024,35.30397389330131,248.89453876015054,0.3333333333333333,0.0
CASE_BBB1BD50A516,Tadros,AT_RW_INV,5,607.5688105525846,301.14875650623884,26.995697826722267,31.13009935679433,242.72275729055258,0.0,0.0
CASE_BBC2DF2366CA,EL Tamer,MET_HH,4,1055.1925849673203,287.239135828877,30.651741532926586,37.584277798894725,244.59069489007723,0.25,0.25
CASE_BBEDAAE32E09,Plitas,GP_TK_INV,2,1890.2472168746285,1666.164397385621,47.22653334298803,45.57884584676195,244.74745496137854,0.0,0.0
CASE_BBFE7D52F771,Kirstein,LK_DF_INV,2,1040.3183620915033,235.4769803921569,25.670202160037977,31.613470459975524,248.60562162804513,0.5,0.5
CASE_BC4C9119253F,Mamtani,AM_EB_INV,3,483.79552045949686,219.50942269756388,13.818615829339983,24.379160866276262,250.62979255298077,0.6666666666666666,0.6666666666666666
CASE_BC501E16B04B,Downs-Canner,SDC_LL_invasive,4,1822.5861928104575,1115.2041689839573,45.10408475027061,50.08731008853056,241.42213787878785,0.0,0.0
CASE_BC7DB48F4DF9,Bayard,SB_VM_invasive,3,1397.473287407139,1304.9282783857088,64.30697682491439,64.63211730275616,234.69913876418505,0.0,0.0
CASE_BCBD838B6E55,Kirstein,LK_RR_INV,6,1505.2792846900377,737.4043938205585,36.84175151264364,41.561440425901964,244.6512918003565,0.0,0.0
CASE_BCDF77A8DC37,Goel,NG_NF_invasive,1,1290.625011527035,1290.625011527035,40.432342090686944,43.24124434429883,243.0593450980392,0.0,0.0
CASE_BD1E5613C45D,Downs-Canner,SDC_AM_invasive,2,1437.7885081402255,678.4687016042781,35.0906015687999,38.46947624557799,246.81143226381462,0.0,0.0
CASE_BD3359E2C4F6,Morrow,MM_TC_INV,2,1026.125442543078,563.8988629827688,25.176447535686773,33.37036715545814,248.8381026143791,0.0,0.0
CASE_BD9079183740,Bayard,SB_SS_invasive,4,1745.7252069518718,353.9029958407605,42.97689086774331,42.524580624768895,245.3090136066548,0.0,0.0
CASE_BDBE23B742AA,Goel,NG_NF_invasive,3,1359.0111273519508,173.98857231134878,33.91746426393936,35.14275033104534,247.6744069716776,0.3333333333333333,0.3333333333333333
CASE_BDE1C9BB1CF3,Moo,TM_IA_INV,4,805.9528380867498,284.6282944741533,23.823156674412314,30.544581988947062,247.99940531788474,0.25,0.25
CASE_BE298DCB69CD,Capko,DC_CM_invasive,2,1736.9631340463457,1368.5319593582888,43.401245288004276,43.50998122705978,245.58452507427216,0.0,0.0
CASE_BE84CD584F32,Lisa Allen,LA_JR_invasive,4,2218.386782234106,2073.7899553178845,54.123655381036215,50.37418294618222,242.91879670231728,0.0,0.0
CASE_BE943FF693C8,EL Tamer,MET_OR,5,2633.2016309922756,1352.3905295306,63.65612397801226,53.80514437841991,240.892704456328,0.0,0.0
CASE_BE9A8068E3BA,Capko,DC_JL_invasive,2,1272.9035727866903,295.8459291740939,31.137541428299226,33.51576171707353,247.7633733808675,0.0,0.5
CASE_BEAA6D716F35,Choi,XC_MS_invasive,2,1983.6335100415927,1867.016043493761,47.496972243976145,46.07386968798815,244.3387487225193,0.0,0.0
CASE_BEECA3D8A127,Choi,XC_CF_invasive,5,1242.502811170529,220.95015828877004,38.22610107971413,41.97063128395821,241.79058234105764,0.2,0.2
CASE_BF00C4BCFAB1,Kirstein,LK_AB_INV,6,1199.121217587641,298.33619893048126,29.782919350143022,36.63306754262458,246.2319037235096,0.0,0.16666666666666666
CASE_BF211C5CC27E,Barrio,AB_CB_invasive,4,553.3856936776979,459.3283700365792,25.93189130431037,43.095425841110966,241.2009201763894,0.0,0.0
CASE_BF256DB12D41,Goel,NG_MFB_DCIS,4,2442.091421271539,1513.454401426025,59.40944776658549,51.79130434350254,241.82203285799167,0.0,0.0
CASE_BF25E7248579,Mamtani,AM_ML_INV,5,855.9882660962567,273.98246559714795,25.164435402996624,31.67615704432344,247.57005642305407,0.2,0.2
CASE_BF3E3CA715B7,Goel,NG_JA_invasive,3,2164.3485942562884,758.2321730243613,52.01949666311677,45.534738388129654,243.72449704892054,0.0,0.0
CASE_BF591FBB7A40,Tadros,AT_CL_DCIS,11,720.6510721114893,295.7394588235294,22.538321425003886,29.541982882186822,248.1992379409064,0.0,0.0
CASE_BF624094C7E9,Goel,NG_LCB_invasive,2,1746.6167754010694,1375.945163161022,42.46960451598409,43.667056099335596,245.25530653594774,0.0,0.0
CASE_BFA893A034A9,Bayard,SB_NT_invasive,2,1844.531573262032,1437.232196553773,46.44619296102229,46.05958296817583,244.44589298871063,0.0,0.0
CASE_BFBB97551C3C,Pawloski,KP_SA_INV,5,1682.6089566726084,802.7448891265598,40.58659673386559,42.99880338079943,245.54190455139633,0.0,0.0
CASE_BFC76AD33F92,Barrio,AB_GOH_invasive,2,1513.1298255496138,999.0054450386216,36.32480321445635,39.31191009776818,247.0623816399287,0.0,0.0
CASE_BFCBD71C1CC2,Goel,NG_NF_invasive,2,2434.1059563874032,2386.4866165181224,58.838933881040276,50.18120598431287,242.18984414735593,0.0,0.0
CASE_BFFAE739AB68,Lee,ML_IS_INV,2,1696.79362305407,1126.8989970291148,41.46409994082724,43.80082415017384,245.0777770053476,0.0,0.0
CASE_C00B770F8A1C,Montagna,GM_DR_INV,3,440.69568564072097,295.2638937611408,12.18875252829717,20.570175243138866,252.22302392552982,0.0,0.3333333333333333
CASE_C02B8B505492,Morrow,MM_AM_INV,2,1777.3123344028522,1479.1757195484254,44.36758338237908,44.09856361697598,245.37201616161616,0.0,0.0
CASE_C06E1E55B86A,Mamtani,AM_JB_INV,3,1839.70420526837,1506.0280893642305,43.82327758292726,43.78180570376791,245.60392988710637,0.0,0.0
CASE_C0DF807F3739,Morrow,MM_AK_DCIS,2,1103.279625311943,628.9410937611408,27.024297458086533,34.75664376125246,248.3952725490196,0.0,0.0
CASE_C0E4801D7282,Morrow,MM_AM_INV,1,1359.6518448009506,1359.6518448009506,34.60895724186093,41.43115992599936,245.7503732620321,0.0,0.0
CASE_C11F600426A3,Pawloski,KP_AO_DCIS,9,1630.3476138113158,229.46824099821748,40.6834778390548,46.71019094162225,243.21492018221429,0.1111111111111111,0.1111111111111111
CASE_C14241040ABE,Lisa Allen,LA_DL_invasive,5,283.75920052287586,123.01673416518122,9.20077389505268,16.725871291304337,249.91300116458706,0.8,0.8
CASE_C144E19A8E15,Montagna,GM_IY_DCIS,2,1076.7617641117054,224.27859108734404,26.35749980861147,31.029966037288265,248.63136934046344,0.5,0.5
CASE_C173C5B67C8C,Giannakou,Gianna_DM,7,793.0602230370936,208.28600903149135,22.37744207506329,32.65316310514696,247.9443441473559,0.14285714285714285,0.14285714285714285
CASE_C1A14035C8BB,Downs-Canner,SDC_SC_invasive,1,1701.581108496732,1701.581108496732,42.35784744279577,44.66794242402937,244.34400570409983,0.0,0.0
CASE_C1D4B7033BB9,Goel,NG_MS_invasive,7,1581.166875103981,185.4103201426025,40.7232463355016,40.7465265223525,245.77934309481367,0.14285714285714285,0.14285714285714285
CASE_C2073BD75129,Kirstein,LK_SW_INV,3,434.0775270350564,281.77993464052287,16.890731445175394,22.946080001643917,250.1999494553377,0.3333333333333333,0.3333333333333333
CASE_C22B04604C91,Giannakou,Gianna_LB,3,1683.978291701327,976.2567270350564,43.343510431089435,44.727618973219826,244.6279677559913,0.0,0.0
CASE_C242F8A78DA0,Downs-Canner,SDC_LR_invasive,2,1817.7825176470587,1458.2723942959,45.86219719150485,44.760526574014506,245.04551717171717,0.0,0.0
CASE_C299F9B1E46B,Mamtani,AM_MS_DCIS,4,1816.8902617944148,338.1220211527035,44.57214357739372,43.32124963959861,244.942768627451,0.0,0.0
CASE_C2BF30E2CB71,Morrow,MM_HB_INV,15,996.7014530718955,302.6973751633987,28.760565698273385,36.89790976366441,245.76886390968508,0.0,0.06666666666666667
CASE_C2C23AEBA1A8,sacchini,VS_PD_INV,3,680.3100910279263,235.537983600713,17.97169242362217,25.971795003361937,248.22630568429395,0.3333333333333333,0.3333333333333333
CASE_C2CCC5BACC40,EL Tamer,MET_OR,3,981.3320476926124,285.72568199643496,27.284069386611737,34.63700895164719,246.36587538126363,0.3333333333333333,0.3333333333333333
CASE_C2EA25B57BD4,Bayard,SB_FR_invasive_DCIS,3,933.7708479080933,434.4115296483352,40.904330155970165,49.34319021370789,243.0357043038409,0.0,0.0
CASE_C2EB7DEF05B6,Plitas,GP_CB_INV,2,905.0535868092692,459.9919365418895,22.079347246308203,33.24152516975235,249.65791675579322,0.0,0.0
CASE_C2ECBAFAF4D9,Kirstein,LK_LC_INV,5,1207.4956484848485,625.896165181224,30.304884865252905,38.600149030496674,245.53707869281047,0.0,0.0
CASE_C30CB6B127E3,sacchini,VS_BG_INV,2,1666.3443285799167,1613.2485751633988,39.9033233358612,42.031949659013804,246.177627332145,0.0,0.0
CASE_C35FE863B64B,Lee,ML_LT_INV,2,1967.9655057635173,1473.7778281639928,47.513114563451,46.3226242499359,243.88998276886514,0.0,0.0
CASE_C3A30A844DFE,Choi,XC_DM_invasive,8,2122.5372251039807,1698.6557012477715,50.77488802150909,48.05028074527702,243.7797522875817,0.0,0.0
CASE_C4DB7B5D7749,Kirstein,LK_JR_DCIS,1,2355.5078476530007,2355.5078476530007,57.09057018721796,50.41869317248772,241.7371319073084,0.0,0.0
CASE_C4E0A721DA62,Goel,NG_MC_invasive,6,1544.5527796791446,211.44409031491384,26.62884805049978,27.98527743022638,250.18239326599328,0.3333333333333333,0.16666666666666666
CASE_C4FF48CA063A,Capko,DC_SK_invasive,2,1999.3730178253122,1066.7755215686277,46.091461406939594,48.82569339646611,242.31074985145574,0.0,0.0
CASE_C5063483FF89,Giannakou,Gianna_LR,4,942.3252264408793,296.2721775401069,27.03741231239337,48.38285886401968,240.68935831847892,0.0,0.25
CASE_C539AACA8660,Heerdt,AH_CM_INV,2,1834.8242461081404,1474.8957956030897,45.74053766217903,44.71867567343315,245.07890344622695,0.0,0.0
CASE_C5B8FB9DED7A,Goel,NG_MFB_DCIS,4,778.0479975044564,306.9366248366013,29.196950925711015,28.946537641038546,246.17582590612,0.0,0.0
CASE_C5C91B620197,Moo,TM_DB_INV,2,525.5809368983957,383.4646956625074,14.715988397565607,30.39950038427716,249.45917961972668,0.0,0.0
CASE_C5FD2A6D54D1,Barrio,AB_NP_DCIS,8,1059.7658998196137,542.9425652356903,45.78202916801366,52.07047265697224,241.82767378647586,0.0,0.0
CASE_C62BF4C4695F,Mamtani,AM_VG_INV,5,2044.589958312537,1415.398505050505,50.34148366671999,46.5186963444127,244.30849002970885,0.0,0.0
CASE_C63FAAAAF720,Morrow,MM_KD_INV,5,2219.332637005348,711.812933808675,53.217169073585694,46.3365140221086,241.50754212715387,0.0,0.0
CASE_C64395218D89,Lee,ML_MM_INV,3,1804.0954482867892,1399.2920308972073,43.60479440571606,45.00326964628411,244.90326844919787,0.0,0.0
CASE_C64764643638,Goel,NG_MS_invasive,2,1855.0850171122993,1648.2510379084968,46.564767424121925,45.27315289050376,244.88414188948303,0.0,0.0
CASE_C64BF7830EAA,sacchini,VS_AA_DCIS,2,1941.116531550802,1901.116963755199,48.46447714104251,46.25940233243474,244.4726103386809,0.0,0.0
CASE_C69E1BBB4257,sacchini,VS_OC_INV,2,608.6101877599524,334.4879025549613,18.095917132953556,25.706025288027313,250.23330861556747,0.0,0.0
CASE_C6A5D8CA1AA8,EL Tamer,MET_DM,3,1254.484013309566,1106.02033963161,38.48446416753584,44.097721200620235,245.90493586848882,0.0,0.0
CASE_C6C010B32907,sacchini,VS_SB_INV,3,1846.116183164983,822.9570167557932,44.44482317126724,44.22587356921131,245.22620510992274,0.0,0.0
CASE_C6D895971308,Giannakou,Gianna_LB,6,1624.569323271935,184.3970367201426,38.04897121048584,38.71847749248677,246.72099047336107,0.16666666666666666,0.16666666666666666
CASE_C70630E56F1A,EL Tamer,MET_MM,6,992.9758084373144,246.2562823529412,26.586475319438858,50.75252107978314,232.22084361259655,0.16666666666666666,0.16666666666666666
CASE_C72E81281CBA,Choi,XC_MS_invasive,3,1385.3472802535155,337.2874436125966,33.879943922029824,36.38742128226358,247.42857100415924,0.0,0.0
CASE_C76A26C31C99,Montagna,GM_XM_INV,2,516.1183231134878,309.18253357100417,18.8930975773452,44.17115831907764,216.17703386809268,0.0,0.0
CASE_C77ECFBBCB1A,EL Tamer,MET_MW,2,1723.382712537136,1242.591065002971,41.670198788746184,43.43473647782759,245.28372073677957,0.0,0.0
CASE_C79C30822EE1,Downs-Canner,SDC_AM_invasive,1,1147.6211106357694,1147.6211106357694,28.69976596735373,36.8148556614689,247.39594319667265,0.0,0.0
CASE_C7E1A62D35D4,sacchini,VS_BE_INV,7,1345.5759286987523,269.11689483065953,29.79778396349326,40.27412532798756,245.3900331550802,0.14285714285714285,0.14285714285714285
CASE_C80F030E3A25,Lee,ML_MM_INV,10,1371.7467021033867,280.1515092097445,23.74807516554722,26.758770717203664,251.0840232323232,0.1,0.1
CASE_C8605F84D228,Barrio,AB_CB_invasive,3,1337.127731986532,141.32205656565657,33.51734844789948,34.53526838718722,247.77495717963953,0.3333333333333333,0.3333333333333333
CASE_C88C9E7A6D66,Heerdt,AH_JG_INV,4,664.27641295306,301.0315909685086,19.952065686564257,26.707828962217828,249.48071577540108,0.0,0.0
CASE_C8BD1C073F86,Choi,XC_KG_invasive,3,2684.913832679739,1001.070694949495,64.14973746083102,50.050337275518444,241.3961147553971,0.0,0.0
CASE_C8C580743285,Choi,XC_KG_invasive,2,2161.3780355317886,1366.6545036244802,51.740451860305186,46.496826377898955,243.7315852644088,0.0,0.0
CASE_C8CBA744632E,Lee,ML_MC_INV,6,1148.5932077639136,565.1726590612002,29.308835206210432,37.63886184094104,246.83501037829274,0.0,0.0
CASE_C9442CFC6BB1,Barrio,AB_LU_invasive,4,1720.594027926322,298.2357606654783,42.60951024274483,42.03348739268581,245.37175202020205,0.0,0.0
CASE_C961A1B32C40,Choi,XC_MS_invasive,4,1718.4176465834819,191.0272330362448,42.3272546783322,41.05192399725144,245.49970332739156,0.25,0.25
CASE_C973347D65E4,Kirstein,LK_DF_INV,2,1037.7470349376115,233.09577682709448,25.593010259773575,31.523701176253986,248.62803761140822,0.5,0.5
CASE_C9833C43E0FE,Capko,DC_JO_invasive,1,1316.2814866255144,1316.2814866255144,27.00516962824495,33.6242679627793,248.8246953329592,0.0,0.0
CASE_CB34B179E4F2,Montagna,GM_MP_INV,3,757.7519934244405,181.71554604872253,18.394020564269514,26.346422138802822,250.61378993860168,0.3333333333333333,0.3333333333333333
CASE_CB520F23BF17,Kirstein,LK_LC_INV,2,1454.5808379084965,914.432539275104,35.52431917741915,39.977945446175454,246.61527379679143,0.0,0.0
CASE_CB7C0D94414F,Lisa Allen,LA_AN_invasvive,4,1631.0030411764706,648.4356261437908,35.87801596631558,36.65820016042516,247.1835718062983,0.0,0.0
CASE_CBE2DA6E9B8B,Plitas,GP_MZ_INV,6,1673.9523868884928,1087.6751650623885,39.85642674609333,42.03960474248123,245.43010709051296,0.0,0.0
CASE_CC12C071104C,Lisa Allen,LA_TB_DCIS,9,845.5816483264013,278.53337658942365,29.021794957474306,37.15986588485399,244.46300330098367,0.1111111111111111,0.1111111111111111
CASE_CC2D16413982,sacchini,VS_BE_INV,6,585.5925727866905,240.88211027926323,17.914466303989492,26.63190596477394,249.56307294513763,0.16666666666666666,0.3333333333333333
CASE_CC63C8F2B0BC,Lisa Allen,LA_AD_invasive,4,1767.0373289958407,206.54345977421272,36.827784722881475,35.588127019281366,247.56228686868687,0.25,0.25
CASE_CCA0CE8D1A48,Mamtani,AM_MS_DCIS,3,585.1296878589819,276.7183567439097,17.6001010624534,25.11440448554065,250.16133115468412,0.3333333333333333,0.3333333333333333
CASE_CCCCB7AFB31D,Mamtani,AM_CC_INV,5,1952.273944480095,757.5947073083779,46.81940334132934,46.51019943575219,243.9655868330363,0.0,0.0
CASE_CCD8B55DE31F,Choi,XC_CH_invasive,5,445.7336764349376,307.4422621509209,30.81639886864692,32.191776111979394,246.9354405466429,0.0,0.0
CASE_CD1AE1AC2FC2,Lisa Allen,LA_JR_invasive,3,1645.696864171123,1406.5534849673202,40.81638497892439,42.60050210802468,246.18204147355914,0.0,0.0
CASE_CD250A3C8DF0,Choi,XC_KG_invasive,3,2692.213339988117,1097.3351256090316,64.18778125102239,50.38396703667422,241.38971162606458,0.0,0.0
CASE_CD4582E0127B,sacchini,VS_SB_INV,3,657.423408912656,280.99263862150923,20.210700292069824,28.269040103124755,248.94839623687858,0.3333333333333333,0.3333333333333333
CASE_CD5E6C43C291,Pawloski,KP_SR_INV,6,1547.5936882154883,686.3174407605467,37.305055584757,41.884003626538586,245.97661025945732,0.0,0.0
CASE_CD884ED5858F,Capko,DC_VM_invasive,34,1531.5898141052098,422.9173178230199,53.69675456368651,45.64207691118564,243.99157668202068,0.0,0.0
CASE_CE1A7CA81822,sacchini,VS_BG_INV,2,1201.254208318479,503.2407702911468,29.086321542309957,34.220956974680504,248.31938942364826,0.0,0.0
CASE_CE6F6CB44AE0,Moo,TM_WA_INV,2,815.678509685086,374.5363833630422,24.032966461997994,31.43105957393489,247.51658045157455,0.0,0.0
CASE_CE7388C25F87,Tadros,AT_SL_INV,3,770.0956600514954,293.9457639928699,25.499051784294576,30.08521414708262,243.05729368191723,0.0,0.3333333333333333
CASE_CE9717264243,sacchini,VS_AH_INV,2,1976.2495679144383,1656.8008375519903,49.582182996630735,46.650539182054935,244.23592002376708,0.0,0.0
CASE_CEC9F61290B0,Bayard,SB_FR_invasive_DCIS,4,2030.365520499109,1565.472487462864,49.60056165291078,48.085142853225136,243.92232474747473,0.0,0.0
CASE_CF02A4089FFF,Tadros,AT_MB_INV,4,965.1112584670232,302.2482400475342,30.644034368967873,32.218298696141034,246.15298226381464,0.0,0.0
CASE_CF51DD1A76EB,Giannakou,Gianna_DM,5,668.8246727035056,193.41860582293523,20.611175502023116,26.227909966628687,248.83876016636958,0.4,0.4
CASE_CF5882C29A0D,Bayard,SB_RB_invasive,8,242.5890761161484,0.3887915950323662,12.054359037791988,23.87023210916347,246.50236839581572,0.5,0.5
CASE_CFCD78754D25,Mamtani,AM_VA_INV,2,1864.91866761735,1445.8716893642306,46.6155002490238,45.072724499919715,244.87977932263814,0.0,0.0
CASE_D00AB85CBEF3,Kirstein,LK_SW_INV,4,454.5341460487225,281.4198383838384,19.142755440765207,23.033778784187263,249.57205415923946,0.25,0.25
CASE_D070729164B2,Giannakou,Gianna_LM,3,792.3342463061994,204.57935472370767,23.377851779175014,30.60620136905577,247.5990469003763,0.3333333333333333,0.3333333333333333
CASE_D083F736B181,Lisa Allen,LA_JR_invasive,2,941.4469738562092,166.59599619726677,23.710752522740684,29.61782630521576,248.6871521687463,0.5,0.5
CASE_D0BF395704B8,Bayard,SB_NT_invasive,9,906.1098867894633,422.2514160427808,37.26076918176588,48.71075889690937,243.51433027002045,0.0,0.0
CASE_D108A9BB2581,Tadros,AT_SL_INV,1,574.482910516934,574.482910516934,16.378348895598265,28.954789058984545,250.25276803327392,0.0,0.0
CASE_D1214610E926,Pawloski,KP_XY_INV,4,624.3213011883541,265.2979641117053,18.211817327670236,30.23727512210636,248.95582379679144,0.25,0.25
CASE_D17357927863,Choi,XC_CH_invasive,3,1351.7495871657754,133.25313891859776,33.90154283911836,34.681890240819385,247.675789067142,0.3333333333333333,0.3333333333333333
CASE_D18412F107BB,Choi,XC_CF_invasive,3,423.66117401465635,291.41897730243613,14.044379796736427,23.982438636171835,249.9267203802733,0.0,0.3333333333333333
CASE_D1A6749EAC54,Goel,NG_TV_invasive,2,1117.5004507427216,463.2644625074272,27.741596224037142,34.718981341916376,248.09689839572192,0.0,0.0
CASE_D1CBAB113D3D,Mamtani,AM_EB_INV,9,1897.289458480227,185.39775187165776,45.42406889202292,45.07775175670191,244.34673264672873,0.1111111111111111,0.1111111111111111
CASE_D2123C455BBF,Barrio,AB_EJ_invasive,4,1594.49954610814,272.7277040998217,40.52839130507911,39.69799228427043,245.85888416518122,0.25,0.25
CASE_D2126E0C4596,Bayard,SB_KP_invasive_DCIS,2,1226.4833218062981,1115.193497563874,51.03593478293569,56.684438354853896,239.69829215686275,0.0,0.0
CASE_D22AE04FC28A,Heerdt,AH_KB_INV,4,1165.7107653594771,278.90098538324423,35.51471783024617,40.72707312814465,242.63724878193705,0.25,0.25
CASE_D231D3B967DB,Capko,DC_AR_DCIS,5,2402.8803441948903,886.3229715983363,57.93772961517989,50.775720539515774,242.15798718954247,0.0,0.0
CASE_D242DBD1ECB2,Choi,XC_BN_invasive,4,1863.225813131313,1068.0623512774807,40.49892319371189,42.49758834124561,246.24209937611408,0.0,0.0
CASE_D2653A6764C7,Morrow,MM_KD_INV,4,1970.3948533571006,1069.9918928104576,48.29057223179597,46.8670737426839,244.2032296494355,0.0,0.0
CASE_D27AC81DC118,Morrow,MM_KD_INV,2,2297.790585620915,2278.8175462863933,54.82521772149485,48.88121487254753,243.0980458110517,0.0,0.0
CASE_D27C97E41189,Montagna,GM_MP_INV,2,1588.9749584076053,1072.2179491384431,38.46464053088553,41.7034355061287,245.98945109922758,0.0,0.0
CASE_D2D31637E12D,Mamtani,AM_JB_INV,2,1504.8720486036839,1263.9029982174688,36.58718445687013,40.564853457094635,246.6458065359477,0.0,0.0
CASE_D2FEC7057637,Tadros,AT_MS_INV,2,501.43239108734406,351.8287111111111,13.984003345179307,23.31325206872151,251.47521057635174,0.0,0.0
CASE_D30B6A19D143,Barrio,AB_CB_invasive,2,1405.1923757575757,488.9597818181818,34.21272653933616,37.0622064020474,246.88998205585264,0.0,0.0
CASE_D31BB898FD13,Kirstein,LK_JW_INV,2,1796.3843601901367,1624.1386505050505,43.51938211426488,47.68068897172779,243.5297892453951,0.0,0.0
CASE_D322306EEBC0,Pawloski,KP_SR_INV,4,2373.158668865122,2123.8935420083185,51.395392376529685,49.86164342877451,243.2358376114082,0.0,0.0
CASE_D33070A1D3AD,Pawloski,KP_LS_INV,1,1620.839268211527,1620.839268211527,38.32071874070579,48.40429853910389,242.65626999405825,0.0,0.0
CASE_D334D1CFDB4A,Morrow,MM_GB_INV,2,1227.650611764706,333.7555163398693,29.97460787666017,33.00743443543368,248.32144699940582,0.0,0.0
CASE_D35784CF838E,Pawloski,KP_LS_INV,2,1543.1668932857992,733.4172591800357,37.198183929594684,41.893308061725165,244.80606844919788,0.0,0.0
CASE_D3801E00D391,Lisa Allen,LA_AN_invasvive,3,1482.7579458902753,724.7055398692811,36.7410758618339,39.536289690973284,247.05331800356507,0.0,0.0
CASE_D382D2574D17,sacchini,VS_BG_INV,2,1866.1813132501484,1140.798375519905,44.61948083372744,43.00475567595953,245.5117540106952,0.0,0.0
CASE_D38DC89643CC,Giannakou,Gianna_MM,2,705.3817407011288,207.53587355912063,19.67679253180676,27.122086751068547,250.20630528817588,0.5,0.5
CASE_D42ED59BF811,Moo,TM_MC_INV,2,1057.1623276292335,610.3516287581699,26.149520380196407,34.86922558843648,248.36893921568628,0.0,0.0
CASE_D4388A39E6D7,Choi,XC_CF_invasive,4,458.8091809863339,124.70777587641118,15.942445576507245,22.989873290304743,249.60257587641118,0.25,0.5
CASE_D4DCC0B65A25,Choi,XC_BN_invasive,4,784.9803467617351,283.48351990493165,21.808473589843523,31.904397266212417,248.07263924539512,0.25,0.25
CASE_D531889969BF,Lisa Allen,LA_TB_DCIS,3,1892.110165181224,1318.093403208556,47.05191811648274,46.833003199968594,244.31358459100815,0.0,0.0
CASE_D594676098F9,Mamtani,AM_JB_INV,5,2081.1350493166965,427.4885459298871,50.48256724426833,46.762948525732575,243.7585608080808,0.0,0.0
CASE_D5ACB64D10F2,Downs-Canner,SDC_VS_invasive,4,574.8734719548426,300.11823695781345,21.53391417109041,27.52295608536135,246.034377124183,0.0,0.25
CASE_D6141571A1AE,Montagna,GM_MP_INV,2,1450.8025814616756,888.3153860962567,35.165099525772504,39.59366282767224,246.7343171122995,0.0,0.0
CASE_D65F7AD1AAC5,sacchini,VS_BE_INV,3,1559.563824519707,410.3671011289365,37.7078518831178,40.19686959004256,246.4423460487225,0.0,0.0
CASE_D666BD69B4DA,EL Tamer,MET_GO,10,1759.864054402852,398.78463172905526,43.64245744612312,43.556712380591264,245.41151973856208,0.0,0.0
CASE_D669C247F8BA,Goel,NG_NF_invasive,4,2202.3609806892455,842.7195227569816,52.54835572491773,46.40314926895117,243.98807614379086,0.0,0.0
CASE_D671483789D6,Choi,XC_DM_invasive,3,542.6201045751634,219.67334735591209,17.06591237616748,24.84441936642645,249.92638597742123,0.3333333333333333,0.3333333333333333
CASE_D6CA6B402459,Downs-Canner,SDC_CA_invasive,3,1942.760119786096,194.25210576351756,48.19253196246041,45.395857821820385,242.77958645276294,0.3333333333333333,0.0
CASE_D6DFA1F89DA4,Bayard,SB_LD_invasive,3,1496.4748517330163,1116.6849837195484,37.22878097358161,40.4478799849742,246.9505957219251,0.0,0.0
CASE_D719B6EF4422,Montagna,GM_CD_DCIS,6,1685.44510647653,276.6999118241236,40.87660931131337,42.1359934864294,245.5284475539711,0.16666666666666666,0.16666666666666666
CASE_D73AA3D550E0,sacchini,VS_ST_INV,2,1946.4346577540107,1610.311885204991,48.55313496063479,46.15714533355907,244.46596030897206,0.0,0.0
CASE_D74353422A1F,Giannakou,Gianna_KH,2,1771.3789978609625,1458.7522645276292,42.669578324291194,43.29072790862946,245.45893773024358,0.0,0.0
CASE_D797908986A9,sacchini,VS_SB_INV2,3,1051.1296650425827,282.7679374925728,30.562006923134167,34.44095633213493,245.711764983165,0.3333333333333333,0.3333333333333333
CASE_D7B2402B454E,Montagna,GM_MP_INV,2,1455.4547669637552,888.0966386215092,35.30374316537162,39.66423931516425,246.6904155674391,0.0,0.0
CASE_D7C1F27014D0,Mamtani,AM_VA_INV,2,1731.8120276886511,1371.562988710636,43.2345202411665,43.421708323376976,245.6205844919786,0.0,0.0
CASE_D7F301C7CAE1,Montagna,GM_DR_INV,4,1911.3766586452764,315.1407189542484,45.995622662369854,44.22282443881197,244.5471634581105,0.0,0.0
CASE_D8502CB3138E,Lisa Allen,LA_KW_invasive,5,2051.8605715983363,148.43533404634582,49.832894421171844,45.032079526154114,243.9352094592989,0.2,0.2
CASE_D8625FBE318D,Tadros,AT_ZL_INV,2,1764.5533571004157,1420.416471776589,44.21632083435193,43.91106347962339,245.40484099821748,0.0,0.0
CASE_D878DBCC4A56,sacchini,VS_OC_INV,3,1340.3736221826105,230.6153309566251,33.522038775595554,36.216850992831354,247.51256371558725,0.3333333333333333,0.3333333333333333
CASE_D8EBB1211731,Plitas,GP_VC_INV,4,1483.3199103980987,153.43189685086156,36.739979564617904,38.23127750599871,246.66639221628043,0.25,0.25
CASE_D962AB23956F,Bayard,SB_DB_invasive,8,1974.6355041736815,1345.190626402918,54.9216068515274,50.421726884583855,241.56010096625982,0.0,0.0
CASE_D988AB9D0ADC,Mamtani,AM_EN_INV,2,1601.87856838978,1570.5705440285203,39.014287794042374,43.35078475285501,245.41871538918596,0.0,0.0
CASE_D9BA6EAC4095,Morrow,MM_GB_INV,13,766.0883420083185,33.81072489601901,28.28600217250632,35.34183490982562,247.7974678550208,0.3076923076923077,0.07692307692307693
CASE_D9E84EBE0ACC,Pawloski,KP_AM_INV,6,1489.0481225193107,724.2385226381462,35.93026928436271,41.03392262532046,246.25149510794213,0.0,0.0
CASE_DA1310C2DAA7,Downs-Canner,SDC_AQ_DCIS,2,2317.473298989899,1762.8533620915032,55.247446216832884,48.97193093987707,242.7436027926322,0.0,0.0
CASE_DA462A4851E7,Lisa Allen,LA_AN_invasvive,3,1431.5309876807287,118.40014284016635,35.69227031730329,35.42410881373824,247.28489772232123,0.3333333333333333,0.3333333333333333
CASE_DAB4E9EB8B76,Mamtani,AM_EN_INV,3,1523.790695266389,338.3513200237671,36.434243625296276,37.55139498821865,247.1020798177857,0.0,0.0
CASE_DAD080F856DA,Downs-Canner,SDC_AP_invasive,2,1667.1868332739155,1533.5104924539512,40.7128556224709,43.28288103778402,245.45528461081403,0.0,0.0
CASE_DB738E5DEF71,Giannakou,Gianna_SM,5,1666.92163503268,343.2542595365419,28.55545569877487,29.7101963332669,250.15879391562686,0.0,0.0
CASE_DBA640C50BB1,Tadros,AT_MS_INV,3,1306.771878946326,264.36129934640525,29.88796238973005,34.947077296710724,247.04502741136858,0.3333333333333333,0.3333333333333333
CASE_DBC58578A452,Giannakou,Gianna_LB,1,2754.336623648247,2754.336623648247,69.45761274187207,56.04511634437761,238.94812929292928,0.0,0.0
CASE_DBD1979B52A2,Plitas,GP_MC_INV,5,1799.3910271182413,997.8119058823528,43.45834369571404,43.70148389870901,243.83069461675578,0.0,0.0
CASE_DC3E721E5308,Capko,DC_BF_invasive,5,1302.8845606654784,171.18079477124184,33.583011510028726,38.12975411543354,246.94263272727272,0.2,0.2
CASE_DC5324D7240B,Downs-Canner,SDC_LL_invasive,3,1419.1178606456724,128.58123660130718,34.50405343304596,36.069786737524986,246.76028678946327,0.3333333333333333,0.3333333333333333
CASE_DC6703FB3724,Mamtani,AM_EN_INV,1,1380.0565730243611,1380.0565730243611,23.294614599482795,27.822860564056864,250.23171907308375,0.0,0.0
CASE_DC6F434E47E1,Moo,TM_PL_INV,14,1566.3790714031068,771.158128342246,39.480946267333834,43.63067039043784,245.56723890162127,0.0,0.0
CASE_DCDF8F09E154,Barrio,AB_KM_invasive,3,1409.0975092889682,138.2266155674391,35.236977548155664,35.403093670765216,247.39011855813033,0.3333333333333333,0.3333333333333333
CASE_DCED12F1E964,Bayard,SB_DP_invasive,2,814.0402997320651,476.3285954204303,32.83219806110713,45.1030418389288,245.06944508744857,0.0,0.0
CASE_DD3077A34ED9,Barrio,AB_GOH_invasive,6,470.0290345641354,72.87472701415582,24.310166787097202,42.06713629340256,240.37263956205538,0.3333333333333333,0.0
CASE_DD37EAC4A7CB,Morrow,MM_GB_INV,5,1996.7115466666667,142.6830431372549,48.38183305225631,44.46365140193789,244.21197399881166,0.2,0.2
CASE_DD7D64286B50,Giannakou,Gianna_LE,7,1462.0845888464478,323.05132691622106,32.015498239947036,37.2864612969911,246.2970799932094,0.0,0.0
CASE_DDA0F85DDBC6,Plitas,GP_VC_INV,3,698.6666054268172,195.3515788472965,20.14971767391626,26.85831944354804,249.3737150326797,0.3333333333333333,0.3333333333333333
CASE_DDAFB85E72EF,Pawloski,KP_LS_INV,4,898.2383770053476,297.8701639928699,26.394014496886445,33.312302413536464,246.7792518419489,0.0,0.25
CASE_DDF365DFDCE2,Capko,DC_VM_invasive,4,1343.5034076054665,1262.250270231729,33.359534454248134,39.815829559064575,247.4311312537136,0.0,0.0
CASE_DE1DB8217627,Pawloski,KP_SA_INV,5,727.979814997029,297.6065176470588,22.24199477692785,34.266533453666696,246.77370899584076,0.0,0.2
CASE_DE3766E29D6C,Downs-Canner,SDC_AP_invasive,12,1512.9772983363043,1142.8512591800356,39.106967667867146,40.95086716609331,246.51396623093683,0.0,0.0
CASE_DE78E08D7E03,sacchini,VS_SB_INV2,3,1770.7870230936821,1464.0369630421865,43.85554672218257,44.1729254761246,245.51597159833628,0.0,0.0
CASE_DE96622ABAFF,Lee,ML_SB_INV,3,1869.4392507031096,801.8625563874034,45.67059467677311,42.17745039785499,245.168341493365,0.0,0.0
CASE_DE9FFA89D4AF,Plitas,GP_JJ_DCIS,3,1888.7871742523273,1264.183118241236,46.868594369383466,46.80385908541072,244.2832429391959,0.0,0.0
CASE_DECE9176CCD9,Lisa Allen,LA_DL_invasive,3,1669.4064866706278,1073.1445559120618,36.296603749100484,39.954582323815615,246.4655383244207,0.0,0.0
CASE_DF0F3FF269CF,Mamtani,AM_CC_INV,2,1493.0607130124777,1077.901563161022,29.8293152504556,34.66581795161752,248.1891680926916,0.0,0.0
CASE_DF4EE0A76320,sacchini,VS_BE_INV,2,1793.4432747474748,1419.8152135472371,44.70524453421752,44.1847205533534,245.29351241830065,0.0,0.0
CASE_DF8A5B1009AE,Downs-Canner,SDC_LL_invasive,4,2525.06211010101,2248.8184330362446,61.44427912431724,53.443641598343014,241.31850941770645,0.0,0.0
CASE_DFA0066DA5E5,Goel,NG_MS_invasive,2,716.8914590347924,492.17700570520014,31.55981201233672,45.69169888020114,244.8919625070146,0.0,0.0
CASE_DFC233576E1C,Tadros,AT_MB_INV,4,1463.7849546048722,327.655301010101,36.84214187713269,39.38007051211028,246.08894349376112,0.0,0.0
CASE_DFD7FE980F83,Choi,XC_CH_invasive,3,554.6327848682907,213.2062433749257,17.252929421879795,25.351454272419872,249.69823101604277,0.3333333333333333,0.3333333333333333
CASE_DFFC8E7499E3,Plitas,GP_YT_INV,10,1861.981247486631,889.7610764111705,44.29522279844258,43.637391020597114,244.5392318597742,0.0,0.0
CASE_E00E62868888,Capko,DC_CM_invasive,7,883.8656567014685,299.0088183006536,28.740506269883713,30.20562048616748,247.0832420337832,0.0,0.0
CASE_E03E1FE01315,sacchini,VS_ST_INV,1,1308.4817459298872,1308.4817459298872,32.373460257283966,39.09033133066274,246.7145725490196,0.0,0.0
CASE_E061EE9C939C,Morrow,MM_MA_INV,4,1666.0907301247773,458.5812865121806,40.2577902462075,40.77289811137862,244.13834304812838,0.0,0.0
CASE_E0D169A6D486,Heerdt,AH_KB_INV,4,1814.9739452168744,954.2558265002972,44.57723529510733,44.93200079062105,244.98804483065953,0.0,0.0
CASE_E11C2BAD3B56,Barrio,AB_LU_invasive,1,1766.056538324421,1766.056538324421,43.468988685013535,44.69664623622691,244.55982067736184,0.0,0.0
CASE_E121AA5E9DC4,Kirstein,LK_AB_INV,2,1796.2586186571598,1540.1375486631016,45.201540741908204,44.49347975505147,245.2059898395722,0.0,0.0
CASE_E1504E6F410C,Downs-Canner,SDC_AM_invasive,4,1625.9731054664292,121.49995365418894,38.533169311266,37.3866867279374,246.9034388294712,0.25,0.25
CASE_E18AF223194B,Tadros,AT_SL_INV,5,1474.9199164824718,370.89228187759954,35.916294462993406,41.081267893173035,246.41503080213906,0.0,0.0
CASE_E220043E5D57,Heerdt,AH_LG_INV,2,1194.9014648841357,521.5332625074273,29.079298810467193,34.788266690919684,248.3958295900178,0.0,0.0
CASE_E24D1029DEDC,EL Tamer,MET_OR,3,994.2781394335512,285.7215367795603,27.768173450357196,35.05257922508475,246.14343050108934,0.3333333333333333,0.3333333333333333
CASE_E29C42763C39,Plitas,GP_LH_INV,3,2086.93781097247,1249.8310203208555,51.51433563515783,48.64443777715076,243.34017476728062,0.0,0.0
CASE_E2F42E0030B9,Capko,DC_KB_invasive,3,1513.8739766290355,707.2957345216875,38.25491304145337,41.29921163827078,246.28381663695782,0.0,0.0
CASE_E3251E083ED6,Choi,XC_PH_invasive,2,1980.607665359477,1864.12242590612,47.45156571354079,46.058904814183194,244.3454815210933,0.0,0.0
CASE_E342DA2E13C3,Moo,TM_KE_INV,4,1067.2836010695187,301.5565504456328,32.21820345413041,35.49507616830567,245.18829233511588,0.0,0.25
CASE_E3804505DFDB,Lee,ML_WY_INV,3,688.4419267973857,297.0849632798574,20.132561060101093,28.12660909729934,249.26931404238462,0.0,0.3333333333333333
CASE_E383753929E9,Capko,DC_BF_invasive,5,1393.3523665834819,355.32812881758764,34.611695495559104,39.3567415356339,247.16619396316105,0.0,0.0
CASE_E3D8C26DCBE5,Choi,XC_ED_DCIS,3,1003.5425796791443,232.45407486631012,30.46356932594539,36.11485823127591,244.70868108536342,0.3333333333333333,0.3333333333333333
CASE_E3E38AAC1D53,Montagna,GM_AD_INV,2,1223.6943045751634,792.3360998217469,29.962522193193287,37.127216551605265,247.7192064171123,0.0,0.0
CASE_E460E3B3F9FC,Capko,DC_CM_invasive,10,469.38719786096254,205.01341485442663,15.06327165763469,23.094188995097575,250.94331073083782,0.2,0.3
CASE_E4627DEFE59F,Lisa Allen,LA_JR_invasive,5,1549.6730522638147,274.0405834818776,37.46691817526452,40.52839952119583,246.31894053475935,0.2,0.2
CASE_E46F063709C1,Lee,ML_DG_INV,2,1344.7052342245988,1229.741669875223,32.997248452981324,38.396433223364625,247.0241113487819,0.0,0.0
CASE_E47B487D92AE,Tadros,AT_ZL_INV,3,730.9244815210933,294.39448484848486,22.215948828030903,30.764932687218238,248.02708512576748,0.0,0.3333333333333333
CASE_E48FDEAF0356,Giannakou,Gianna_SM,5,1941.6909828163994,354.76415187165776,47.25891838680311,45.271432475691185,244.43164686868687,0.0,0.0
CASE_E49BDF9117B7,Lisa Allen,LA_TB_DCIS,3,778.9966101802337,279.52072513368984,22.93126522886891,29.346927102115515,248.41486005149534,0.3333333333333333,0.3333333333333333
CASE_E4A77C4927F4,Downs-Canner,SDC_AQ_DCIS,2,1571.6827595959594,523.6216767676767,37.9191796137535,38.576506448784635,246.26433975044563,0.0,0.0
CASE_E4C11DDEBCD9,Goel,NG_JA_invasive,2,2018.9310582293524,1483.1970878193702,48.63841587570741,45.867669537577015,244.2280950683304,0.0,0.0
CASE_E4D708A0D3C9,sacchini,VS_AA_DCIS,2,1720.747384670232,1209.5316727272727,41.55396230876976,43.35952392058343,245.30628603683897,0.0,0.0
CASE_E5415071E627,Downs-Canner,SDC_CA_invasive,2,1194.9530131907309,812.6937319073083,29.218989551343853,35.53293124570395,248.0991580510992,0.0,0.0
CASE_E56100BE5BE2,Barrio,AB_SL_invasive,2,1920.4063667260843,1682.3856225787283,48.007787474125394,45.94779433812096,244.57531527035056,0.0,0.0
CASE_E5849CE21955,Choi,XC_DM_invasive,2,1823.063689483066,1458.8863006535948,45.82713639772824,44.73535441481479,245.05839881164587,0.0,0.0
CASE_E59F69D4D96F,Tadros,AT_MB_INV,3,734.9276960190136,301.2075016042781,20.18090792677566,28.551810741159056,249.20822669835613,0.0,0.3333333333333333
CASE_E5C904CF0283,Heerdt,AH_SR_INV,2,1227.3236279263222,543.9064045157457,30.11107790533955,36.02692601733826,247.7106147355912,0.0,0.0
CASE_E6396B64B7FB,Lee,ML_NT_DCIS,4,851.9265160427807,298.4423816993464,24.66388202634398,31.170411053236887,247.3434984254308,0.0,0.0
CASE_E64CA155DD32,Giannakou,Gianna_LM,5,2106.191892002377,524.980675698158,51.25474941937448,47.12912739230797,243.6093693166964,0.0,0.0
CASE_E658FAF011B4,Lisa Allen,LA_RQ_invasive,3,1665.6860402455932,1294.5735431966723,41.60556438188109,44.28619205321596,245.45300574371163,0.0,0.0
CASE_E6DD1879C086,Giannakou,Gianna_LB,2,1700.0845031491383,382.93075721925135,42.40448177286937,39.56295901980636,245.2830835412953,0.0,0.0
CASE_E6EF904FEB3B,Morrow,MM_TC_INV,4,1883.1682085561497,851.126060130719,45.26242787158662,44.539311779225756,242.89920912061794,0.0,0.0
CASE_E6FEEF0B48F7,Morrow,MM_AM_INV,1,1452.1666174688055,1452.1666174688055,36.727873958292655,43.14124408734568,244.759898989899,0.0,0.0
CASE_E78ABD42737F,Giannakou,Gianna_MM,1,663.1812342245989,663.1812342245989,18.340521150803976,30.29425706093516,249.09412857991683,0.0,0.0
CASE_E78C167848BA,Pawloski,KP_SA_INV,2,1436.3539969102792,1092.3132263814616,34.77395789916251,39.85659976166333,246.81453404634578,0.0,0.0
CASE_E7A273AD72FA,sacchini,VS_SB_INV2,11,731.3085301571869,265.3537040998217,27.27893422155648,34.34877159936381,243.39731655593368,0.18181818181818182,0.18181818181818182
CASE_E7B470236A72,Mamtani,AM_VG_INV,3,910.025140899188,287.921967201426,25.36509574230017,31.925349373201072,247.22359112695585,0.3333333333333333,0.3333333333333333
CASE_E7B52D6AA260,Heerdt,AH_CM_INV,3,847.68283929491,304.120873677956,24.064766492813295,31.313701471618007,247.94025612992672,0.0,0.3333333333333333
CASE_E7EAB760D8F0,Lee,ML_MM_INV,3,1838.7870433749256,1516.6687346405229,44.53553325942311,45.77229836301698,244.50097088532382,0.0,0.0
CASE_E81740282F31,Kirstein,LK_MG_INV,2,1007.6894915591097,559.3965796857464,37.49064903109025,41.0891187014402,246.08076616863076,0.0,0.0
CASE_E828CEE38B7B,Choi,XC_DM_invasive,5,713.5130330124778,219.03279667260844,23.228151318038595,28.090676753396288,248.38739130124776,0.2,0.2
CASE_E847DA20BCCC,Heerdt,AH_CM_INV,4,1784.1029408199643,1002.9241497326204,42.85071890321944,44.009358318985925,245.2443311348782,0.0,0.0
CASE_E86EAA235E88,sacchini,VS_BG_INV,4,1125.9041792572532,423.03423267369845,39.217851797801515,41.36057956881736,246.02406883541295,0.0,0.0
CASE_E8983FFA0D48,Plitas,GP_MC_INV,4,1710.6523707070708,593.6778291146762,42.199746517967014,42.891594673954884,245.50158493761143,0.0,0.0
CASE_E8B0E907951A,sacchini,VS_SB_INV2,5,2217.5093108972073,173.13318526440878,53.66677544417676,46.79986275869783,243.10371674390967,0.2,0.2
CASE_E8B3C06FD9ED,Lisa Allen,LA_KW_invasive,3,1601.0967516735989,1084.6904501485442,39.551755430581316,41.66479481561125,246.4571056050703,0.0,0.0
CASE_E8EC94C52388,Kirstein,LK_DF_INV,3,1544.4674910675383,917.6914196078432,33.435018216802206,37.336434758547156,247.70671095266388,0.0,0.0
CASE_E90E3D7EC144,Lisa Allen,LA_JP_invasive,2,1714.8407256090316,1304.4559517528223,43.1015738696716,43.18086268814025,245.6412392156863,0.0,0.0
CASE_E9469A496DFF,Mamtani,AM_EB_INV,7,936.8344073677956,278.66519477124183,26.47735656671679,35.52395576032088,246.20672146676853,0.14285714285714285,0.14285714285714285
CASE_E95D4F4971EC,Moo,TM_DB_INV,2,556.4701937017231,368.95855638740346,15.80436585644231,24.584706620552826,250.90012810457517,0.0,0.0
CASE_E9ADE5F6E5C5,Goel,NG_LH_invasive,2,2763.850302436126,2722.321264171123,66.29834476116731,53.01747878001301,240.6993120023767,0.0,0.0
CASE_E9F207BD6F70,Pawloski,KP_SA_INV,2,2147.2830284016636,2078.3504468211527,51.79435775124803,48.95689516306425,242.8939329174094,0.0,0.0
CASE_E9F8B8259C26,Moo,TM_DB_INV,5,1579.9694738918597,356.3890424242424,38.02579793713081,41.4156227657731,246.24651094474152,0.0,0.0
CASE_EA50C9FD24ED,Barrio,AB_TB_DCIS,2,4805.461226851852,4802.50171095008,48.238740926587155,53.976176811183095,243.00974738325283,0.0,0.0
CASE_EA52E8F7421F,Tadros,AT_MS_INV,7,1549.4511948051947,311.03004087938206,39.94884419860754,40.861766030674666,245.969763823105,0.0,0.0
CASE_EA72D35BB45E,Choi,XC_PH_invasive,3,1146.5987972271735,1020.6876308972072,30.431803473281267,37.58228301434834,247.76072996633,0.0,0.0
CASE_EA8C71E4AF75,Plitas,GP_YT_INV,4,858.4141082590612,296.3205758764112,24.67830469902568,30.29395458247833,248.16666702317292,0.0,0.25
CASE_EAD21529CBE3,Barrio,AB_JSJ_invasive,2,1875.2604655971477,1856.3015940582293,47.24234441406192,45.59660517527749,244.75533125371362,0.0,0.0
CASE_EAE571491F36,Bayard,SB_DB_invasive,5,1222.3648102096918,215.97636246726523,43.70368211011628,47.72745496316257,243.6683069074865,0.2,0.0
CASE_EB19B044B228,Choi,XC_CF_invasive,3,540.2381419687067,220.9498167557932,15.519502998125928,25.601457119517306,250.39539223608634,0.3333333333333333,0.3333333333333333
CASE_EB2D7601C3E3,EL Tamer,MET_LR,5,1111.6277531075461,285.29123469994056,32.52335753344254,36.3845884385683,245.010282590612,0.2,0.2
CASE_EB3CA9B0FB16,Pawloski,KP_LK_INV,4,904.117860130719,231.92189898989895,27.557116372364355,30.45016707410531,244.63981699346405,0.25,0.25
CASE_EB57C4B28272,Heerdt,AH_KB_INV,3,704.4752781937018,302.53433440285204,23.748902744079473,29.726510255414436,247.6954556149733,0.0,0.3333333333333333
CASE_EBAD43150B1F,Mamtani,AM_VA_INV,5,1882.257565204991,640.6879201426025,45.33389748867028,45.79823141235815,244.01902747474747,0.0,0.0
CASE_EBD0017957E9,Plitas,GP_JK_INV,3,1491.878246147752,632.8477105169341,34.47850137114444,36.12280486216769,247.49503469994056,0.0,0.0
CASE_EBF73979AFAA,sacchini,VS_AH_INV,3,1118.0066369578135,295.3479512774807,35.14937248614622,35.97429867349002,243.26343965141612,0.0,0.3333333333333333
CASE_EC498C808134,Choi,XC_SL_invasive,2,931.7340527629233,786.5696703505645,28.10016331724038,37.49517199765653,247.98215258467022,0.0,0.0
CASE_ECE19AA5BF4E,Heerdt,AH_MH_INV,7,572.3400784653255,235.4765796791444,16.28749775491877,23.915829872508173,250.80531021135727,0.2857142857142857,0.2857142857142857
CASE_ED07529DD361,Plitas,GP_VC_INV,3,655.590377738166,283.49665169340466,18.89730568929987,27.094690885318883,249.6392254703902,0.3333333333333333,0.3333333333333333
CASE_ED2057340CCB,sacchini,VS_BG_INV,2,1198.793220677362,245.9582581105169,29.39034631668607,32.77486627996437,247.9999573975045,0.5,0.5
CASE_ED24F20129F1,Plitas,GP_TK_INV,4,1440.3609411170528,227.7427384432561,35.86669667848245,38.66523953077068,246.82927756981582,0.25,0.25
CASE_ED4BA06310C5,Pawloski,KP_NB_INV,5,1648.7450107664886,379.9322524064171,39.856290604785634,42.34121593910773,245.68771674390968,0.0,0.0
CASE_ED5ACE799AA0,Heerdt,AH_HS_INV,16,406.77264171122994,174.1753478312537,17.809549511452428,23.28383498072595,249.34294896761736,0.125,0.125
CASE_ED617C6BA916,Downs-Canner,SDC_LL_invasive,2,1878.2647073083779,1684.1096316102198,46.85301672141574,46.57031085713379,244.34572727272723,0.0,0.0
CASE_ED7E6A0DF0FE,Moo,TM_WA_INV,7,886.5777522790934,300.3149411764706,24.826258641376594,35.46278205656837,246.72316962906373,0.0,0.14285714285714285
CASE_EDC0D0C7EC27,Tadros,AT_NG_INV,2,1238.8330192513367,623.2165193107546,30.437872671425712,42.296952516614354,246.04125923945338,0.0,0.0
CASE_EDC4A44A59FB,Heerdt,AH_MH_INV,11,1851.9935899530058,1087.3870229352349,47.380996054048865,45.36592182339916,244.40826261545942,0.0,0.0
CASE_EDCD58FFDAC3,Giannakou,Gianna_KH,3,1846.9057024361261,1239.9860905525848,45.95687338742965,46.24442294136416,244.52966322043972,0.0,0.0
CASE_EDD9DF84D914,Capko,DC_JL_invasive,1,2492.323439096851,2492.323439096851,60.05489424775752,51.02885821700263,241.6497776589424,0.0,0.0
CASE_EDFFA5BC02D4,Bayard,SB_LD_invasive,2,1602.9697071895425,973.9178186571598,38.50777014083946,39.93852286486452,246.68822430184196,0.0,0.0
CASE_EE08A152F7CA,Choi,XC_CF_invasive,4,601.6468513963162,294.450020439691,21.367451134560305,28.962235222889863,247.75126752822342,0.0,0.25
CASE_EE2D8E635E38,Morrow,MM_SB_INV,5,388.2871592632204,287.3794081996435,18.381652543803238,24.950097475865494,246.6094862745098,0.2,0.2
CASE_EE8CC69B6C5D,Goel,NG_NF_invasive,6,1611.8630115666467,138.7588092691622,38.88128828518833,39.006031513827445,246.5921808873044,0.16666666666666666,0.16666666666666666
CASE_EEC0BD266D4E,sacchini,VS_PD_INV,3,4358.507386055034,2756.202072841276,80.76737051132295,61.409432804829066,235.92906844919787,0.0,0.0
CASE_EF2542BB3532,Barrio,AB_KH_invasive,3,1732.0611858189739,1261.5451191919192,43.1930630542684,44.960744291386085,245.13070085165376,0.0,0.0
CASE_EF481BEB3741,Morrow,MM_KD_INV,6,1917.6457846702317,1076.1776924539513,39.587372538191524,39.52057783738136,246.90754440483263,0.0,0.0
CASE_EF49F02B3562,Barrio,AB_KH_invasive,2,1259.193377540107,271.7771717171717,30.77424592860799,33.725650789550016,247.64311847890673,0.5,0.5
CASE_EF4FCD8DB168,Moo,TM_IA_INV,4,800.4294130124777,292.7793212121212,23.52219455619386,30.874370434846487,248.04392938205584,0.0,0.25
CASE_EF64B7C2518B,Plitas,GP_TK_INV,39,500.00263998659295,285.89115103980987,16.952683899449546,24.450647281288518,250.20325800691685,0.02564102564102564,0.0
CASE_EFAE076CC278,Morrow,MM_MA_INV,4,643.7959161021985,245.19956458704692,19.535839395741924,26.685274828314828,249.17948874034462,0.25,0.25
CASE_EFBD04C5FB28,Moo,TM_MC_INV,2,1562.6067751633989,1387.3600879382057,37.63038795968143,41.17225898069874,246.4218989304813,0.0,0.0
CASE_EFF0C7129106,Capko,DC_SS_DCIS,3,513.924029154288,275.2026970885324,17.63592787378484,29.25588384947734,247.87270932857993,0.3333333333333333,0.3333333333333333
CASE_F018131F3E7A,Capko,DC_SK_invasive,5,658.5534039691028,195.4745844325609,26.199106621893655,42.06374285732285,239.9556126916221,0.2,0.0
CASE_F033541A8142,EL Tamer,MET_CM,2,1336.2109252525252,168.23724729649436,32.35488926867732,32.29553202110372,247.5580395721925,0.5,0.5
CASE_F0493FF1BAAA,sacchini,VS_BG_INV,7,1772.9027574229692,502.45599786096255,42.172352046148866,43.98053689718688,245.53151715474067,0.0,0.0
CASE_F051EF941B87,Moo,TM_BE_INV,2,1434.703734402852,893.9475308377897,34.74331371989091,38.78861635753542,247.0763984551396,0.0,0.0
CASE_F0637C005FC2,Heerdt,AH_UD_INV,10,643.93430932858,170.56432085561497,18.545042111282722,26.473562809769987,249.33488224598932,0.5,0.4
CASE_F073242ACB07,Plitas,GP_CB_INV,7,1749.100990849673,859.5119705288176,41.99298740046244,43.134569188551396,244.2720932518462,0.0,0.0
CASE_F09E8FCF18B0,Lisa Allen,LA_JE_invasive,2,1080.6791370172311,285.6663353535354,26.62813431860389,32.15252683844723,248.4594586452763,0.5,0.5
CASE_F0C86F711D62,Plitas,GP_VC_INV,13,851.9794430824078,285.5713136066548,26.492858386691346,30.86739247962131,247.4498411444764,0.07692307692307693,0.07692307692307693
CASE_F0E6BF725F9A,Tadros,AT_DM_INV,3,719.9380533967122,230.1436439691028,23.58816433455584,28.951706970433804,247.8026923351159,0.3333333333333333,0.3333333333333333
CASE_F0FEB3BD6F7B,Pawloski,KP_XY_INV,3,504.75265937809473,189.9416237670826,14.910213178050592,24.019777092849647,250.59422198455138,0.3333333333333333,0.3333333333333333
CASE_F10B683C0F9F,Mamtani,AM_JH_INV,4,1012.159410932858,402.2022272133096,23.493233125706674,29.896832782778276,248.98848018419488,0.0,0.0
CASE_F174587B1CA1,Bayard,SB_GC_DCIS,4,5322.066971801347,3916.126367845118,53.4414373684206,50.98608469382157,244.31154513888887,0.0,0.0
CASE_F1CC88BB4999,sacchini,VS_RR_INV,3,729.4219804317686,298.8960563279857,20.39005439628606,28.751723465312324,248.84326864725688,0.0,0.3333333333333333
CASE_F1E0558616C5,Plitas,GP_JK_INV,5,1876.9834839691025,358.50323256090314,44.962237096807094,42.61481687214989,242.81097471182412,0.0,0.0
CASE_F1EEAAEBEB43,sacchini,VS_SB_INV2,3,847.0813756387403,283.89842994652406,24.6210189263649,31.658066880416886,247.53062622301445,0.3333333333333333,0.3333333333333333
CASE_F1EF3EFB7E40,Mamtani,AM_JH_INV,4,859.120616399287,389.1171149138443,20.070122996171467,27.52250443141884,249.88518401663697,0.0,0.0
CASE_F20FD3BF526C,Montagna,GM_JH_INV,2,1580.3966379084968,1455.7031693404635,38.13455887496946,41.408919209492375,246.3973330956625,0.0,0.0
CASE_F213A232C7BE,Goel,NG_LH_invasive,3,1219.3175673598732,96.51977777777778,30.031457746027755,32.211658057590164,248.2444671023965,0.3333333333333333,0.3333333333333333
CASE_F23606674BBB,Kirstein,LK_JR_DCIS,1,2370.058303743316,2370.058303743316,57.43643721161855,50.62034483102203,241.6309172905526,0.0,0.0
CASE_F24378B3D67D,Moo,TM_EU_INV,3,722.3770105763518,287.6770873440285,21.30572049945256,30.081619985736083,248.48027763913646,0.3333333333333333,0.3333333333333333
CASE_F2CC7A8DBDBB,Kirstein,LK_JW_INV,5,675.5824484848484,300.4959092097445,26.38053717693587,30.734734694269445,244.5802012358883,0.0,0.0
CASE_F2D5B5EF638A,EL Tamer,MET_HH,3,947.5345369776193,286.2497319073084,26.132219463043885,34.31322679124552,246.66915246583483,0.3333333333333333,0.3333333333333333
CASE_F2EDA0887BB9,Tadros,AT_MB_INV,3,521.0664373143196,303.8665937017231,19.404257926090896,29.13776853828905,245.91476629035455,0.0,0.0
CASE_F31E45711EF5,Capko,DC_CM_invasive,3,1002.733361933056,417.2682692810458,26.10259336782948,34.0882436910751,248.8683001386413,0.0,0.0
CASE_F32C5E364DDC,Barrio,AB_NP_DCIS,4,983.8452335466378,787.2951642816287,41.54019813592264,60.22940790466305,237.5608285952853,0.0,0.0
CASE_F3D05ACA8F2F,Morrow,MM_SB_INV,3,2103.579154684096,1153.9328539512776,51.99711674220242,48.42044530267478,243.31381275500098,0.0,0.0
CASE_F44465BF0F2D,Kirstein,LK_LC_INV,2,1784.1581386809269,1413.9304064171124,44.86546179114423,44.226342739045826,245.25302905525848,0.0,0.0
CASE_F4612EF488BB,Tadros,AT_DM_INV,5,2194.713764943553,1045.490842305407,52.3990724680463,49.61522375779998,243.00864601307188,0.0,0.0
CASE_F46FEDF39945,Montagna,GM_XM_INV,4,706.6796685680333,283.3753632798574,20.72750621108197,28.087331127588897,249.05167046939988,0.25,0.25
CASE_F4801F700FB4,Choi,XC_MS_invasive,2,1201.2776752228165,733.7039260843732,30.054484537475822,35.511212641261,247.97451301247776,0.0,0.0
CASE_F4EA2D05C4D4,Kirstein,LK_CG_INV,6,1354.0077354327589,328.7051054070113,33.27295386211675,38.803355662651676,245.4402163596752,0.0,0.0
CASE_F4FBEF8F80F9,Moo,TM_EU_INV,3,804.3341305605069,289.41001521093284,23.47122411283959,31.69543920252916,247.67560388195682,0.0,0.3333333333333333
CASE_F507F73218C9,Kirstein,LK_JR_DCIS,4,1545.3397583481878,275.754075103981,33.91448294238275,35.12365879076338,247.7887389483066,0.25,0.0
CASE_F50B4A6E7385,Giannakou,Gianna_LB,6,1664.7024469796,320.2579434343434,38.99186814052101,39.92524400111938,246.47188700732818,0.0,0.0
CASE_F51DA63D0238,Mamtani,AM_JH_INV,4,1006.9289458704694,384.21376209150327,23.88779393774412,30.105428521839443,248.84322635175283,0.0,0.0
CASE_F5322D4F06B3,Pawloski,KP_MM_INV,6,1485.0888234105762,273.9730165181224,35.550567950927565,40.526058270050406,246.43899756387404,0.16666666666666666,0.16666666666666666
CASE_F553C8CEBC21,sacchini,VS_AH_INV,4,2077.1252054070114,1646.437865002971,49.847442995687416,48.048827145689714,244.07854652406417,0.0,0.0
CASE_F590A15052EA,Giannakou,Gianna_KH,2,1351.816716815211,741.8698939988117,33.11696253849402,44.19357046736056,245.14497433155083,0.0,0.0
CASE_F5E7A1B5F500,Bayard,SB_KP_invasive_DCIS,2,1127.2262203208556,838.6977644682115,47.134579116433244,54.49185175097995,240.75472144979204,0.0,0.0
CASE_F62F84066D23,Moo,TM_MC_INV,3,2039.6270160427805,1262.7351182412358,37.34866980095298,36.27942294758378,247.96820150524857,0.0,0.0
CASE_F632D5FD9939,Tadros,AT_MA_INV,2,1836.1008942364824,1526.1103232323233,45.85532011859216,44.84209446611357,245.04150915032682,0.0,0.0
CASE_F651C48347EE,Lee,ML_WY_INV,3,780.9936990295106,298.0120016636958,22.910814812479085,29.585579985355025,248.3902238066944,0.0,0.3333333333333333
CASE_F6766BE6D84C,Giannakou,Gianna_KH,2,1841.4388798573973,1603.9708758169934,44.393251596237214,50.30941859120381,242.60145050505054,0.0,0.0
CASE_F677B394EB8B,Tadros,AT_CL_DCIS,3,616.8694835412954,357.21151942959,19.206567309333355,24.983188469828168,248.10881521093287,0.0,0.0
CASE_F6A549EE7684,sacchini,VS_OC_INV,2,747.7690818775995,335.31637409388,22.15813910667223,28.733274664593786,248.79343814616755,0.0,0.0
CASE_F6AD15218394,sacchini,VS_PD_INV,3,1606.7361277084572,883.8268924539512,39.64262712223285,41.284506653320925,246.430693127352,0.0,0.0
CASE_F6CAC29F9865,sacchini,VS_BE_INV,4,924.3403919191919,277.35922804515747,20.049159334746562,28.145909405461513,250.12166824123588,0.25,0.25
CASE_F73D9D6877BF,Choi,XC_MS_invasive,3,1405.6019983363042,358.66312156862745,34.38145262399713,36.82172496805309,247.28850017825312,0.0,0.0
CASE_F794326F8C1B,Montagna,GM_YL_INV,2,839.8462834122089,457.98077039970696,33.119136439204716,40.556562700309016,246.50335721925134,0.0,0.0
CASE_F79A6F9E0925,Mamtani,AM_EN_INV,1,1383.9235039809864,1383.9235039809864,31.21533450199671,38.87376176032373,246.48259512774808,0.0,0.0
CASE_F7B7055BAC20,Plitas,GP_JK_INV,3,783.7677800752623,288.580992513369,22.474335431946532,35.29942072524099,248.89593567042982,0.3333333333333333,0.0
CASE_F82D3FE8DCE2,Heerdt,AH_NF_INV,2,1026.72809067142,372.2963070707071,25.37007331831189,32.50198676994189,248.7263661319073,0.0,0.0
CASE_F834097CD711,Choi,XC_KG_invasive,2,2121.257586215092,1263.9942490790256,50.61835274461619,45.60623703005011,244.24841532976825,0.0,0.0
CASE_F83540C0D342,Morrow,MM_AK_DCIS,4,1331.002914557338,828.9002747474748,30.933989370643438,34.502186099240085,248.5343612299465,0.0,0.0
CASE_F845C34A4307,Mamtani,AM_DB_INV,3,724.1304659932661,293.5702997029115,20.241060526481085,29.81677926682166,248.93758506634978,0.0,0.0
CASE_F8B1F111C58B,Plitas,GP_JK_INV,2,1257.8712691622104,371.1699151515152,31.006644256617232,34.67723321181105,247.56705424836602,0.0,0.0
CASE_F8BB11583705,Kirstein,LK_CG_INV,3,947.3369293721529,283.4011298871064,28.48818315790794,31.82893134653369,246.9215174489998,0.3333333333333333,0.3333333333333333
CASE_F8BF58152CD5,Mamtani,AM_EN_INV,2,1748.3345264408792,1557.1250167557932,41.76206591341449,43.1624121585896,245.66215935828876,0.0,0.0
CASE_F92DD1EF27A9,Heerdt,AH_UD_INV,3,1582.1551349574174,1326.9691065953657,39.74280979715418,43.11366179212598,245.92338490790257,0.0,0.0
CASE_FA5A075CD8A0,Pawloski,KP_XY_INV,2,1737.910101247772,1387.7513578134285,43.472889693884966,43.62088544796603,245.54867658942365,0.0,0.0
CASE_FAA126443CB4,Lee,ML_MC_INV,2,907.1858053475936,285.2749005347593,22.6018881203134,30.350645438317095,249.32172251931078,0.5,0.5
CASE_FAFBB790BF0B,sacchini,VS_OC_INV,4,2111.5280235888295,1120.1326909090908,51.46890379806052,48.30079986864173,243.45815707070707,0.0,0.0
CASE_FB179D785FD1,Capko,DC_SS_DCIS,11,496.3119225841301,239.86883517528224,17.307634118841683,26.327208485449603,248.77048797061525,0.2727272727272727,0.09090909090909091
CASE_FB31B808ACA2,Choi,XC_KAG_DCIS,3,842.8024934046347,237.47342840166368,28.142193553816,35.7038438157203,248.20221160625866,0.3333333333333333,0.0
CASE_FB641F24A626,Moo,TM_BE_INV,2,1844.478831372549,1387.6997330956624,44.48099072227605,45.21596950057681,244.58704254307784,0.0,0.0
CASE_FBD8912D2239,Capko,DC_JO_invasive,2,16927.49689604377,16298.79114057239,109.07908934413209,76.48638137388619,228.50506891835016,0.0,0.0
CASE_FBF0624324F3,Choi,XC_CF_invasive,3,715.9187214894038,221.43866595365415,23.936477915957393,29.52089687252976,247.33150144583087,0.3333333333333333,0.3333333333333333
CASE_FC2402B24D86,Downs-Canner,SDC_CA_invasive,1,1542.859082590612,1542.859082590612,37.964268062242986,40.87339614745757,245.78076803327392,0.0,0.0
CASE_FCB29AB04BE7,Morrow,MM_AM_INV,6,1530.3583945731827,597.6292078431372,37.35804227149584,41.62275559287567,244.54131756783522,0.0,0.0
CASE_FD59DF05B0FC,Goel,NG_JA_invasive,2,2418.344199405823,2149.8770683303624,58.8687003052038,49.97770904553964,241.98758288770057,0.0,0.0
CASE_FDDA06CA2F47,Montagna,GM_YL_INV,4,1467.7569660724896,344.80308924539514,32.854982663955305,39.26047510491945,245.05980912061796,0.0,0.0
CASE_FE1A7EA92461,Tadros,AT_CL_DCIS,3,1376.777821429986,354.9460513368984,34.25690278339348,36.772092382947555,247.59416022974847,0.0,0.0
CASE_FE63CF5FC0B5,Downs-Canner,SDC_AP_invasive,2,1345.92617409388,962.2636724896018,33.7975357602993,38.42442087202643,247.00521865715984,0.0,0.0
CASE_FE6DC0320073,Montagna,GM_IY_DCIS,2,1629.5925319073085,1292.78351372549,39.3096337925741,41.857465974514014,246.07262245989307,0.0,0.0
CASE_FE814DD15156,Heerdt,AH_NF_INV,2,1572.2301976232916,1506.6915633986928,37.85109424218454,41.17143016829701,246.51744432560906,0.0,0.0
CASE_FE8634F19152,Capko,DC_KO_invasive,4,2180.5123389780156,1763.4456698752228,53.400540484334485,49.929968598533925,243.00480662507428,0.0,0.0
CASE_FEA7C6E1718C,Goel,NG_TV_invasive,2,1257.4865856209149,837.1245780154486,30.605329903433148,37.43851315346888,247.61715805109924,0.0,0.0
CASE_FF12A4414756,Kirstein,LK_LC_INV,2,1167.3928413547237,522.3785131313132,29.076553491863706,34.16256153960971,248.10828704693995,0.0,0.0
CASE_FF434FDAEC29,Downs-Canner,SDC_SC_invasive,2,1791.4847923945338,1425.6537742127157,44.89407607207441,44.28847019084044,245.24706036838978,0.0,0.0
CASE_FF52B4D6F781,Choi,XC_KG_invasive,3,2695.275734046346,1000.1193763517527,64.54060421614405,50.21381053118063,241.25745177262823,0.0,0.0
CASE_FF5EBF417289,EL Tamer,MET_MW,2,1497.2148364824718,1272.5173877599525,36.33962706051651,40.53458994926282,246.62741253713605,0.0,0.0
CASE_FFE1CBB5681F,Barrio,AB_KH_invasive,2,1806.732714557338,1445.044799049317,45.40732409556988,44.54714669198832,245.14400184194892,0.0,0.0
